mmsi,latitude,longitude,sog,cog,nav_status_code,received_at_utc,ulsan_bound,source_system,source_table,collected_at_utc,quality_flag,is_synthetic,nav_status_category
440123456.0,35.45,129.35,12.5,180.0,0,,True,AISSTREAM,PositionReport,2026-06-23 23:13:30.841966+00:00,MISSING_KEY,False,UNDER_WAY
440987654.0,35.38,129.42,0.5,90.0,1,,True,AISSTREAM,PositionReport,2026-06-23 23:13:30.841966+00:00,MISSING_KEY,False,UNDER_WAY
413383270.0,35.00087,129.15943833333333,9.8,337.5,0,,False,AISSTREAM,PositionReport,2026-06-23 23:13:30.841966+00:00,OUT_OF_ULSAN_BBOX,False,UNDER_WAY
440200060.0,35.11025666666667,129.06895333333333,0.0,195.3,8,,False,AISSTREAM,PositionReport,2026-06-23 23:13:30.841966+00:00,OUT_OF_ULSAN_BBOX,False,ANCHORED
563299900.0,35.06116333333333,129.44833833333334,0.6,251.6,0,,False,AISSTREAM,PositionReport,2026-06-23 23:13:30.841966+00:00,OUT_OF_ULSAN_BBOX,False,UNDER_WAY
440101460.0,35.09616333333334,129.04021333333333,0.0,154.1,0,,False,AISSTREAM,PositionReport,2026-06-23 23:13:30.841966+00:00,OUT_OF_ULSAN_BBOX,False,ANCHORED
667002509.0,35.05384166666667,129.04410833333333,0.3,179.4,1,,False,AISSTREAM,PositionReport,2026-06-23 23:13:30.841966+00:00,OUT_OF_ULSAN_BBOX,False,ANCHORED
440103790.0,35.06532833333333,129.03134166666666,9.4,182.1,1,,False,AISSTREAM,PositionReport,2026-06-23 23:13:30.841966+00:00,OUT_OF_ULSAN_BBOX,False,UNDER_WAY
440109540.0,35.10154,129.202175,1.3,12.8,0,,False,AISSTREAM,PositionReport,2026-06-23 23:13:30.841966+00:00,OUT_OF_ULSAN_BBOX,False,UNDER_WAY
440151680.0,35.048943333333334,129.07518666666667,1.1,8.2,15,,False,AISSTREAM,PositionReport,2026-06-23 23:13:30.841966+00:00,OUT_OF_ULSAN_BBOX,False,UNDER_WAY
563233800.0,34.868925,128.92208833333333,6.6,314.0,0,,False,AISSTREAM,PositionReport,2026-06-23 23:13:30.841966+00:00,OUT_OF_ULSAN_BBOX,False,UNDER_WAY
273396660.0,35.01248833333333,129.03828833333333,11.3,179.4,0,,False,AISSTREAM,PositionReport,2026-06-23 23:13:30.841966+00:00,OUT_OF_ULSAN_BBOX,False,UNDER_WAY
440079930.0,35.26045833333333,129.512985,4.5,84.4,0,,False,AISSTREAM,PositionReport,2026-06-23 23:13:30.841966+00:00,OUT_OF_ULSAN_BBOX,False,UNDER_WAY
440300350.0,35.10851666666667,129.06681333333333,0.0,174.0,0,,False,AISSTREAM,PositionReport,2026-06-23 23:13:30.841966+00:00,OUT_OF_ULSAN_BBOX,False,ANCHORED
440107530.0,35.09944333333333,129.03867666666667,0.1,327.3,15,,False,AISSTREAM,PositionReport,2026-06-23 23:13:30.841966+00:00,OUT_OF_ULSAN_BBOX,False,ANCHORED
440410930.0,35.11944666666667,129.05088166666667,0.0,270.1,0,,True,AISSTREAM,PositionReport,2026-06-23 23:13:30.841966+00:00,OUT_OF_ULSAN_BBOX,False,ANCHORED
441274000.0,35.15299666666667,129.39729833333334,13.6,12.0,0,,False,AISSTREAM,PositionReport,2026-06-23 23:13:30.841966+00:00,OUT_OF_ULSAN_BBOX,False,UNDER_WAY
440500300.0,35.12185,129.0504,0.0,297.0,8,,False,AISSTREAM,PositionReport,2026-06-23 23:13:30.841966+00:00,OUT_OF_ULSAN_BBOX,False,ANCHORED
440703970.0,35.124045,129.05209833333333,0.0,0.0,0,,False,AISSTREAM,PositionReport,2026-06-23 23:13:30.841966+00:00,OUT_OF_ULSAN_BBOX,False,ANCHORED
440203830.0,35.115766666666666,129.05667,9.2,143.0,0,,False,AISSTREAM,PositionReport,2026-06-23 23:13:30.841966+00:00,OUT_OF_ULSAN_BBOX,False,UNDER_WAY
440414850.0,35.17020333333333,129.23744333333335,10.6,38.7,15,,False,AISSTREAM,PositionReport,2026-06-23 23:13:30.841966+00:00,OUT_OF_ULSAN_BBOX,False,UNDER_WAY
440103010.0,35.11263833333333,129.06840333333332,0.0,360.0,0,,False,AISSTREAM,PositionReport,2026-06-23 23:13:30.841966+00:00,OUT_OF_ULSAN_BBOX,False,ANCHORED
440196180.0,35.06415833333333,129.02697333333333,0.0,338.1,8,,False,AISSTREAM,PositionReport,2026-06-23 23:13:30.841966+00:00,OUT_OF_ULSAN_BBOX,False,ANCHORED
636020905.0,34.99197166666667,129.62518666666668,17.6,233.4,0,,False,AISSTREAM,PositionReport,2026-06-23 23:13:30.841966+00:00,OUT_OF_ULSAN_BBOX,False,UNDER_WAY
352006235.0,35.10359166666667,129.08601000000002,0.0,338.2,0,,False,AISSTREAM,PositionReport,2026-06-23 23:13:30.841966+00:00,OUT_OF_ULSAN_BBOX,False,ANCHORED
441578000.0,35.05115166666667,129.00095833333333,0.0,283.7,5,,False,AISSTREAM,PositionReport,2026-06-23 23:13:30.841966+00:00,OUT_OF_ULSAN_BBOX,False,MOORED
440104620.0,35.127065,129.06499166666669,0.0,66.0,15,,False,AISSTREAM,PositionReport,2026-06-23 23:13:30.841966+00:00,OUT_OF_ULSAN_BBOX,False,ANCHORED
636025898.0,34.90678333333334,129.21159166666666,11.7,289.1,0,,False,AISSTREAM,PositionReport,2026-06-23 23:13:30.841966+00:00,OUT_OF_ULSAN_BBOX,False,UNDER_WAY
440031170.0,35.101530000000004,129.056915,0.0,69.2,0,,False,AISSTREAM,PositionReport,2026-06-23 23:13:30.841966+00:00,OUT_OF_ULSAN_BBOX,False,ANCHORED
440155330.0,35.09856,129.03864000000002,0.2,292.0,0,,False,AISSTREAM,PositionReport,2026-06-23 23:13:30.841966+00:00,OUT_OF_ULSAN_BBOX,False,ANCHORED
636092188.0,34.908431666666665,128.86379833333334,9.9,335.9,0,,False,AISSTREAM,PositionReport,2026-06-23 23:13:30.841966+00:00,OUT_OF_ULSAN_BBOX,False,UNDER_WAY
413219020.0,35.10344166666666,129.08980666666668,0.0,295.0,5,,False,AISSTREAM,PositionReport,2026-06-23 23:13:30.841966+00:00,OUT_OF_ULSAN_BBOX,False,MOORED
440376000.0,35.083375000000004,129.08185333333333,0.0,96.7,15,,False,AISSTREAM,PositionReport,2026-06-23 23:13:30.841966+00:00,OUT_OF_ULSAN_BBOX,False,ANCHORED
440136380.0,35.05405666666666,129.10207166666666,8.8,218.4,8,,False,AISSTREAM,PositionReport,2026-06-23 23:13:30.841966+00:00,OUT_OF_ULSAN_BBOX,False,UNDER_WAY
440714100.0,35.119908333333335,129.05028833333333,0.0,206.5,8,,False,AISSTREAM,PositionReport,2026-06-23 23:13:30.841966+00:00,OUT_OF_ULSAN_BBOX,False,ANCHORED
440059760.0,35.132045,129.22778,1.7,22.5,15,,False,AISSTREAM,PositionReport,2026-06-23 23:13:30.841966+00:00,OUT_OF_ULSAN_BBOX,False,UNDER_WAY
440067880.0,35.21892166666667,129.50207,9.2,273.2,15,,False,AISSTREAM,PositionReport,2026-06-23 23:13:30.841966+00:00,OUT_OF_ULSAN_BBOX,False,UNDER_WAY
477987800.0,35.035001666666666,129.16977666666668,6.4,341.8,0,,False,AISSTREAM,PositionReport,2026-06-23 23:13:30.841966+00:00,OUT_OF_ULSAN_BBOX,False,UNDER_WAY
440112390.0,35.102423333333334,129.05868666666666,0.0,240.7,5,,False,AISSTREAM,PositionReport,2026-06-23 23:13:30.841966+00:00,OUT_OF_ULSAN_BBOX,False,MOORED
440800306.0,35.098216666666666,129.04870833333334,0.0,24.8,15,,False,AISSTREAM,PositionReport,2026-06-23 23:13:30.841966+00:00,OUT_OF_ULSAN_BBOX,False,ANCHORED
442667809.0,35.08520333333333,129.07071833333333,0.7,19.4,15,,False,AISSTREAM,PositionReport,2026-06-23 23:13:30.841966+00:00,OUT_OF_ULSAN_BBOX,False,UNDER_WAY
440000000.0,35.04161,129.08608999999998,5.4,259.0,15,,False,AISSTREAM,PositionReport,2026-06-23 23:13:30.841966+00:00,OUT_OF_ULSAN_BBOX,False,UNDER_WAY
441223000.0,34.85565,128.822,0.1,155.0,1,,False,AISSTREAM,PositionReport,2026-06-23 23:13:30.841966+00:00,OUT_OF_ULSAN_BBOX,False,ANCHORED
440121630.0,35.09829666666667,129.03903499999998,0.3,130.0,0,,False,AISSTREAM,PositionReport,2026-06-23 23:13:30.841966+00:00,OUT_OF_ULSAN_BBOX,False,ANCHORED
441654000.0,35.06064333333334,129.00735666666665,0.0,187.0,5,,False,AISSTREAM,PositionReport,2026-06-23 23:13:30.841966+00:00,OUT_OF_ULSAN_BBOX,False,MOORED
440800305.0,35.098123333333334,129.049895,0.0,171.3,15,,False,AISSTREAM,PositionReport,2026-06-23 23:13:30.841966+00:00,OUT_OF_ULSAN_BBOX,False,ANCHORED
440103970.0,35.12206833333333,129.049595,0.1,321.7,0,,False,AISSTREAM,PositionReport,2026-06-23 23:13:30.841966+00:00,OUT_OF_ULSAN_BBOX,False,ANCHORED
353861000.0,35.117650000000005,129.07123333333334,0.0,4.3,5,,False,AISSTREAM,PositionReport,2026-06-23 23:13:30.841966+00:00,OUT_OF_ULSAN_BBOX,False,MOORED
636021256.0,35.09603666666667,129.094905,0.0,72.1,5,,False,AISSTREAM,PositionReport,2026-06-23 23:13:30.841966+00:00,OUT_OF_ULSAN_BBOX,False,MOORED
440007120.0,35.09970833333333,129.03887333333333,0.0,192.2,8,,False,AISSTREAM,PositionReport,2026-06-23 23:13:30.841966+00:00,OUT_OF_ULSAN_BBOX,False,ANCHORED
440414070.0,35.09508666666667,129.02843166666668,0.0,62.3,2,,False,AISSTREAM,PositionReport,2026-06-23 23:13:30.841966+00:00,OUT_OF_ULSAN_BBOX,False,ANCHORED
440189340.0,35.038315,129.41661333333334,1.0,67.8,0,,False,AISSTREAM,PositionReport,2026-06-23 23:13:30.841966+00:00,OUT_OF_ULSAN_BBOX,False,UNDER_WAY
440137230.0,35.12330833333333,129.05514,0.0,155.0,0,,False,AISSTREAM,PositionReport,2026-06-23 23:13:30.841966+00:00,OUT_OF_ULSAN_BBOX,False,ANCHORED
440110850.0,35.098553333333335,129.03865333333334,0.1,292.2,0,,False,AISSTREAM,PositionReport,2026-06-23 23:13:30.841966+00:00,OUT_OF_ULSAN_BBOX,False,ANCHORED
273299990.0,35.10031333333333,129.06018333333333,0.0,0.0,15,,False,AISSTREAM,PositionReport,2026-06-23 23:13:30.841966+00:00,OUT_OF_ULSAN_BBOX,False,ANCHORED
440713100.0,35.109678333333335,129.06849166666666,0.0,3.0,15,,False,AISSTREAM,PositionReport,2026-06-23 23:13:30.841966+00:00,OUT_OF_ULSAN_BBOX,False,ANCHORED
440009900.0,35.050216666666664,129.00168,0.1,52.8,0,,False,AISSTREAM,PositionReport,2026-06-23 23:13:30.841966+00:00,OUT_OF_ULSAN_BBOX,False,ANCHORED
273293410.0,35.095164999999994,129.06999666666667,0.0,181.6,5,,False,AISSTREAM,PositionReport,2026-06-23 23:13:30.841966+00:00,OUT_OF_ULSAN_BBOX,False,MOORED
440207740.0,35.084385,129.08287166666668,0.0,284.0,15,,False,AISSTREAM,PositionReport,2026-06-23 23:13:30.841966+00:00,OUT_OF_ULSAN_BBOX,False,ANCHORED
440051540.0,35.08226666666667,129.07958333333332,0.0,182.3,0,,False,AISSTREAM,PositionReport,2026-06-23 23:13:30.841966+00:00,OUT_OF_ULSAN_BBOX,False,ANCHORED
440076320.0,35.054093333333334,129.39733166666667,8.4,220.9,0,,False,AISSTREAM,PositionReport,2026-06-23 23:13:30.841966+00:00,OUT_OF_ULSAN_BBOX,False,UNDER_WAY
352003011.0,35.09264333333333,129.38496,9.0,201.1,0,,False,AISSTREAM,PositionReport,2026-06-23 23:13:30.841966+00:00,OUT_OF_ULSAN_BBOX,False,UNDER_WAY
441485000.0,35.03423333333333,129.1497,10.7,135.0,0,,False,AISSTREAM,PositionReport,2026-06-23 23:13:30.841966+00:00,OUT_OF_ULSAN_BBOX,False,UNDER_WAY
352005382.0,34.857240000000004,129.13912166666668,1.5,30.1,0,,False,AISSTREAM,PositionReport,2026-06-23 23:13:30.841966+00:00,OUT_OF_ULSAN_BBOX,False,UNDER_WAY
440002070.0,35.11967833333333,129.05059,0.0,12.4,0,,False,AISSTREAM,PositionReport,2026-06-23 23:13:30.841966+00:00,OUT_OF_ULSAN_BBOX,False,ANCHORED
440130480.0,35.26280166666666,129.31714,13.7,33.7,0,,False,AISSTREAM,PositionReport,2026-06-23 23:13:30.841966+00:00,OUT_OF_ULSAN_BBOX,False,UNDER_WAY
440202770.0,35.09625666666667,129.06832833333334,0.2,232.8,0,,False,AISSTREAM,PositionReport,2026-06-23 23:13:30.841966+00:00,OUT_OF_ULSAN_BBOX,False,ANCHORED
440925000.0,35.09753166666667,129.044985,0.0,330.9,8,,False,AISSTREAM,PositionReport,2026-06-23 23:13:30.841966+00:00,OUT_OF_ULSAN_BBOX,False,ANCHORED
613321501.0,35.16701666666667,129.61300833333334,12.7,23.2,0,,False,AISSTREAM,PositionReport,2026-06-23 23:13:30.841966+00:00,OUT_OF_ULSAN_BBOX,False,UNDER_WAY
636024330.0,34.56324333333334,129.0008,1.4,24.6,0,,False,AISSTREAM,PositionReport,2026-06-23 23:13:30.841966+00:00,OUT_OF_ULSAN_BBOX,False,UNDER_WAY
440118750.0,35.107225,129.066095,9.8,322.1,0,,False,AISSTREAM,PositionReport,2026-06-23 23:13:30.841966+00:00,OUT_OF_ULSAN_BBOX,False,UNDER_WAY
352906000.0,34.88618333333333,128.79186666666666,0.1,217.0,1,,False,AISSTREAM,PositionReport,2026-06-23 23:13:30.841966+00:00,OUT_OF_ULSAN_BBOX,False,ANCHORED
440154960.0,35.01974499999999,129.00878166666666,9.2,253.8,0,,False,AISSTREAM,PositionReport,2026-06-23 23:13:30.841966+00:00,OUT_OF_ULSAN_BBOX,False,UNDER_WAY
440303500.0,35.12097833333333,129.04915833333334,0.0,27.6,0,,False,AISSTREAM,PositionReport,2026-06-23 23:13:30.841966+00:00,OUT_OF_ULSAN_BBOX,False,ANCHORED
305854000.0,34.91193666666666,129.00148666666666,8.8,278.7,0,,False,AISSTREAM,PositionReport,2026-06-23 23:13:30.841966+00:00,OUT_OF_ULSAN_BBOX,False,UNDER_WAY
440200000.0,35.100405,129.05190833333333,0.0,20.1,0,,False,AISSTREAM,PositionReport,2026-06-23 23:13:30.841966+00:00,OUT_OF_ULSAN_BBOX,False,ANCHORED
440101970.0,35.110234999999996,129.17538166666665,7.9,190.9,15,,False,AISSTREAM,PositionReport,2026-06-23 23:13:30.841966+00:00,OUT_OF_ULSAN_BBOX,False,UNDER_WAY
538011794.0,35.00958333333333,128.91300666666666,0.0,184.1,3,,False,AISSTREAM,PositionReport,2026-06-23 23:13:30.841966+00:00,OUT_OF_ULSAN_BBOX,False,ANCHORED
440116550.0,35.108183333333336,129.09131666666667,0.0,317.2,0,,False,AISSTREAM,PositionReport,2026-06-23 23:13:30.841966+00:00,OUT_OF_ULSAN_BBOX,False,ANCHORED
273378130.0,35.055483333333335,129.04985,0.1,318.3,1,,False,AISSTREAM,PositionReport,2026-06-23 23:13:30.841966+00:00,OUT_OF_ULSAN_BBOX,False,ANCHORED
373774000.0,35.28916,129.53959166666667,12.0,119.6,0,,False,AISSTREAM,PositionReport,2026-06-23 23:13:30.841966+00:00,OUT_OF_ULSAN_BBOX,False,UNDER_WAY
440116360.0,35.15284833333333,129.221205,2.7,33.7,0,,False,AISSTREAM,PositionReport,2026-06-23 23:13:30.841966+00:00,OUT_OF_ULSAN_BBOX,False,UNDER_WAY
440191310.0,35.12083166666666,129.05068666666665,0.0,302.8,8,,False,AISSTREAM,PositionReport,2026-06-23 23:13:30.841966+00:00,OUT_OF_ULSAN_BBOX,False,ANCHORED
273512400.0,34.97595166666667,129.20476666666667,9.9,235.5,0,,False,AISSTREAM,PositionReport,2026-06-23 23:13:30.841966+00:00,OUT_OF_ULSAN_BBOX,False,UNDER_WAY
440130790.0,35.09216,129.09032,10.7,306.1,0,,False,AISSTREAM,PositionReport,2026-06-23 23:13:30.841966+00:00,OUT_OF_ULSAN_BBOX,False,UNDER_WAY
511101675.0,35.04955666666667,129.001995,0.0,358.0,5,,False,AISSTREAM,PositionReport,2026-06-23 23:13:30.841966+00:00,OUT_OF_ULSAN_BBOX,False,MOORED
636024694.0,34.960015,129.27961666666667,11.6,212.3,0,,False,AISSTREAM,PositionReport,2026-06-23 23:13:30.841966+00:00,OUT_OF_ULSAN_BBOX,False,UNDER_WAY
373098000.0,34.67601166666667,129.20443666666668,2.0,14.9,0,,False,AISSTREAM,PositionReport,2026-06-23 23:13:30.841966+00:00,OUT_OF_ULSAN_BBOX,False,UNDER_WAY
440030820.0,35.10978333333333,129.06834,0.0,47.6,0,,False,AISSTREAM,PositionReport,2026-06-23 23:13:30.841966+00:00,OUT_OF_ULSAN_BBOX,False,ANCHORED
440118750.0,35.107895,129.06554166666666,9.9,330.6,0,,False,AISSTREAM,PositionReport,2026-06-23 23:13:30.841966+00:00,OUT_OF_ULSAN_BBOX,False,UNDER_WAY
440000132.0,35.09457,129.07084,0.0,57.7,0,,False,AISSTREAM,PositionReport,2026-06-23 23:13:30.841966+00:00,OUT_OF_ULSAN_BBOX,False,ANCHORED
352003081.0,35.05903833333333,129.038345,0.1,339.7,0,,False,AISSTREAM,PositionReport,2026-06-23 23:13:30.841966+00:00,OUT_OF_ULSAN_BBOX,False,ANCHORED
441489000.0,35.051901666666666,129.00126166666666,0.0,171.0,0,,False,AISSTREAM,PositionReport,2026-06-23 23:13:30.841966+00:00,OUT_OF_ULSAN_BBOX,False,ANCHORED
440845000.0,35.09690166666667,129.33855833333334,9.0,196.8,0,,False,AISSTREAM,PositionReport,2026-06-23 23:13:30.841966+00:00,OUT_OF_ULSAN_BBOX,False,UNDER_WAY
440101460.0,35.09617333333333,129.04021166666666,0.0,159.8,0,,False,AISSTREAM,PositionReport,2026-06-23 23:13:30.841966+00:00,OUT_OF_ULSAN_BBOX,False,ANCHORED
440151680.0,35.049065000000006,129.07521666666668,0.6,13.5,15,,False,AISSTREAM,PositionReport,2026-06-23 23:13:30.841966+00:00,OUT_OF_ULSAN_BBOX,False,UNDER_WAY
440300350.0,35.10854,129.066835,0.0,174.0,0,,False,AISSTREAM,PositionReport,2026-06-23 23:13:30.841966+00:00,OUT_OF_ULSAN_BBOX,False,ANCHORED
441236000.0,35.086,129.08726666666666,0.0,265.0,1,,False,AISSTREAM,PositionReport,2026-06-23 23:13:30.841966+00:00,OUT_OF_ULSAN_BBOX,False,ANCHORED
440147920.0,35.09623666666666,129.04015333333334,0.0,197.2,0,,False,AISSTREAM,PositionReport,2026-06-23 23:13:30.841966+00:00,OUT_OF_ULSAN_BBOX,False,ANCHORED
440018750.0,35.090349999999994,129.02598500000002,0.1,44.5,15,,False,AISSTREAM,PositionReport,2026-06-23 23:13:30.841966+00:00,OUT_OF_ULSAN_BBOX,False,ANCHORED
440410930.0,35.11945,129.0509,0.0,270.1,0,,True,AISSTREAM,PositionReport,2026-06-23 23:13:30.841966+00:00,OUT_OF_ULSAN_BBOX,False,ANCHORED
413380760.0,35.105335,129.07158833333332,0.0,45.9,5,,True,AISSTREAM,PositionReport,2026-06-23 23:13:30.841966+00:00,OUT_OF_ULSAN_BBOX,False,MOORED
441274000.0,35.15676166666666,129.39828833333334,13.6,12.4,0,,False,AISSTREAM,PositionReport,2026-06-23 23:13:30.841966+00:00,OUT_OF_ULSAN_BBOX,False,UNDER_WAY
440197030.0,35.09276166666667,129.02733166666667,0.0,107.4,0,,False,AISSTREAM,PositionReport,2026-06-23 23:13:30.841966+00:00,OUT_OF_ULSAN_BBOX,False,ANCHORED
440100886.0,35.08312166666666,129.07878,0.0,304.9,15,,False,AISSTREAM,PositionReport,2026-06-23 23:13:30.841966+00:00,OUT_OF_ULSAN_BBOX,False,ANCHORED
440703970.0,35.124026666666666,129.05210833333334,0.0,0.0,0,,False,AISSTREAM,PositionReport,2026-06-23 23:13:30.841966+00:00,OUT_OF_ULSAN_BBOX,False,ANCHORED
440103010.0,35.112640000000006,129.06839499999998,0.0,360.0,0,,False,AISSTREAM,PositionReport,2026-06-23 23:13:30.841966+00:00,OUT_OF_ULSAN_BBOX,False,ANCHORED
440331980.0,35.11978833333333,129.05090833333333,0.1,348.0,8,,False,AISSTREAM,PositionReport,2026-06-23 23:13:30.841966+00:00,OUT_OF_ULSAN_BBOX,False,ANCHORED
636025898.0,34.90788666666666,129.20788,11.6,290.1,0,,False,AISSTREAM,PositionReport,2026-06-23 23:13:30.841966+00:00,OUT_OF_ULSAN_BBOX,False,UNDER_WAY
636092188.0,34.91095,128.86237166666666,9.9,334.6,0,,False,AISSTREAM,PositionReport,2026-06-23 23:13:30.841966+00:00,OUT_OF_ULSAN_BBOX,False,UNDER_WAY
440376000.0,35.08336666666666,129.08186166666667,0.0,96.7,15,,False,AISSTREAM,PositionReport,2026-06-23 23:13:30.841966+00:00,OUT_OF_ULSAN_BBOX,False,ANCHORED
273897500.0,35.10328333333334,129.06001,0.0,360.0,0,,False,AISSTREAM,PositionReport,2026-06-23 23:13:30.841966+00:00,OUT_OF_ULSAN_BBOX,False,ANCHORED
440714100.0,35.1199,129.05027833333332,0.0,206.5,8,,False,AISSTREAM,PositionReport,2026-06-23 23:13:30.841966+00:00,OUT_OF_ULSAN_BBOX,False,ANCHORED
440092260.0,35.10339166666667,129.08570333333333,0.0,242.7,5,,False,AISSTREAM,PositionReport,2026-06-23 23:13:30.841966+00:00,OUT_OF_ULSAN_BBOX,False,MOORED
440177280.0,35.035015,129.41603666666666,8.6,225.7,7,,False,AISSTREAM,PositionReport,2026-06-23 23:13:30.841966+00:00,OUT_OF_ULSAN_BBOX,False,UNDER_WAY
563233800.0,34.87067666666667,128.919935,6.6,314.8,0,,False,AISSTREAM,PositionReport,2026-06-23 23:13:30.841966+00:00,OUT_OF_ULSAN_BBOX,False,UNDER_WAY
440155381.0,35.12121666666667,129.05055833333333,0.0,252.2,5,,False,AISSTREAM,PositionReport,2026-06-23 23:13:30.841966+00:00,OUT_OF_ULSAN_BBOX,False,MOORED
440104620.0,35.12705166666667,129.065,0.0,66.0,15,,False,AISSTREAM,PositionReport,2026-06-23 23:13:30.841966+00:00,OUT_OF_ULSAN_BBOX,False,ANCHORED
477222600.0,34.74555,129.29840666666666,14.7,233.2,0,,False,AISSTREAM,PositionReport,2026-06-23 23:13:30.841966+00:00,OUT_OF_ULSAN_BBOX,False,UNDER_WAY
440800305.0,35.09811833333333,129.04989833333335,0.0,171.3,15,,False,AISSTREAM,PositionReport,2026-06-23 23:13:30.841966+00:00,OUT_OF_ULSAN_BBOX,False,ANCHORED
314827000.0,35.024135,129.05523,0.1,169.1,1,,False,AISSTREAM,PositionReport,2026-06-23 23:13:30.841966+00:00,OUT_OF_ULSAN_BBOX,False,ANCHORED
441198000.0,35.009840000000004,129.08529333333334,10.4,265.7,0,,False,AISSTREAM,PositionReport,2026-06-23 23:13:30.841966+00:00,OUT_OF_ULSAN_BBOX,False,UNDER_WAY
440115430.0,35.12208666666667,129.05164666666667,0.0,227.3,0,,False,AISSTREAM,PositionReport,2026-06-23 23:13:30.841966+00:00,OUT_OF_ULSAN_BBOX,False,ANCHORED
440409920.0,34.97353333333333,129.10498833333332,9.6,223.1,15,,False,AISSTREAM,PositionReport,2026-06-23 23:13:30.841966+00:00,OUT_OF_ULSAN_BBOX,False,UNDER_WAY
440806000.0,35.1061,129.09372333333334,0.0,79.9,5,,False,AISSTREAM,PositionReport,2026-06-23 23:13:30.841966+00:00,OUT_OF_ULSAN_BBOX,False,MOORED
477987800.0,35.03698833333333,129.169,6.5,343.1,0,,False,AISSTREAM,PositionReport,2026-06-23 23:13:30.841966+00:00,OUT_OF_ULSAN_BBOX,False,UNDER_WAY
440079710.0,35.049173333333336,129.002155,0.0,163.6,0,,False,AISSTREAM,PositionReport,2026-06-23 23:13:30.841966+00:00,OUT_OF_ULSAN_BBOX,False,ANCHORED
440103020.0,35.066604999999996,129.141805,11.4,47.9,0,,True,AISSTREAM,PositionReport,2026-06-23 23:13:30.841966+00:00,OUT_OF_ULSAN_BBOX,False,UNDER_WAY
440009900.0,35.05025333333333,129.00165833333332,0.0,0.0,0,,False,AISSTREAM,PositionReport,2026-06-23 23:13:30.841966+00:00,OUT_OF_ULSAN_BBOX,False,ANCHORED
440207740.0,35.084363333333336,129.08287666666666,0.0,284.0,15,,False,AISSTREAM,PositionReport,2026-06-23 23:13:30.841966+00:00,OUT_OF_ULSAN_BBOX,False,ANCHORED
440076320.0,35.052465,129.39533166666666,8.3,221.0,0,,False,AISSTREAM,PositionReport,2026-06-23 23:13:30.841966+00:00,OUT_OF_ULSAN_BBOX,False,UNDER_WAY
440035420.0,35.04521166666667,129.11054333333334,9.3,48.2,8,,False,AISSTREAM,PositionReport,2026-06-23 23:13:30.841966+00:00,OUT_OF_ULSAN_BBOX,False,UNDER_WAY
440200113.0,35.08430666666666,129.08277333333334,0.0,231.7,0,,False,AISSTREAM,PositionReport,2026-06-23 23:13:30.841966+00:00,OUT_OF_ULSAN_BBOX,False,ANCHORED
636023267.0,34.784681666666664,129.27591166666667,2.0,93.1,0,,False,AISSTREAM,PositionReport,2026-06-23 23:13:30.841966+00:00,OUT_OF_ULSAN_BBOX,False,UNDER_WAY
440047230.0,35.09751000000001,129.070715,0.0,0.0,1,,False,AISSTREAM,PositionReport,2026-06-23 23:13:30.841966+00:00,OUT_OF_ULSAN_BBOX,False,ANCHORED
440002070.0,35.11968,129.05059666666665,0.1,3.1,0,,False,AISSTREAM,PositionReport,2026-06-23 23:13:30.841966+00:00,OUT_OF_ULSAN_BBOX,False,ANCHORED
636022828.0,35.16955166666666,129.50900333333334,8.8,11.5,0,,False,AISSTREAM,PositionReport,2026-06-23 23:13:30.841966+00:00,OUT_OF_ULSAN_BBOX,False,UNDER_WAY
440022430.0,35.111578333333334,129.54040833333335,0.9,53.7,0,,False,AISSTREAM,PositionReport,2026-06-23 23:13:30.841966+00:00,OUT_OF_ULSAN_BBOX,False,UNDER_WAY
440202770.0,35.09631666666667,129.06831833333334,0.1,251.2,0,,False,AISSTREAM,PositionReport,2026-06-23 23:13:30.841966+00:00,OUT_OF_ULSAN_BBOX,False,ANCHORED
440409790.0,35.11983166666666,129.05061333333333,0.1,224.6,8,,False,AISSTREAM,PositionReport,2026-06-23 23:13:30.841966+00:00,OUT_OF_ULSAN_BBOX,False,ANCHORED
352005751.0,35.103100000000005,129.06026,0.0,0.0,5,,False,AISSTREAM,PositionReport,2026-06-23 23:13:30.841966+00:00,OUT_OF_ULSAN_BBOX,False,MOORED
440118750.0,35.109701666666666,129.06475,9.6,1.3,0,,False,AISSTREAM,PositionReport,2026-06-23 23:13:30.841966+00:00,OUT_OF_ULSAN_BBOX,False,UNDER_WAY
440627000.0,35.09280166666667,129.093245,6.7,169.4,0,,False,AISSTREAM,PositionReport,2026-06-23 23:13:30.841966+00:00,OUT_OF_ULSAN_BBOX,False,UNDER_WAY
671388100.0,35.05305333333333,129.03881833333332,0.1,138.0,1,,False,AISSTREAM,PositionReport,2026-06-23 23:13:30.841966+00:00,OUT_OF_ULSAN_BBOX,False,ANCHORED
440605000.0,35.08271333333333,129.080325,0.1,346.6,15,,False,AISSTREAM,PositionReport,2026-06-23 23:13:30.841966+00:00,OUT_OF_ULSAN_BBOX,False,ANCHORED
440127670.0,35.112460000000006,129.06672166666667,1.7,153.0,0,,False,AISSTREAM,PositionReport,2026-06-23 23:13:30.841966+00:00,OUT_OF_ULSAN_BBOX,False,UNDER_WAY
273258120.0,35.064771666666665,129.04271666666668,0.0,45.3,1,,False,AISSTREAM,PositionReport,2026-06-23 23:13:30.841966+00:00,OUT_OF_ULSAN_BBOX,False,ANCHORED
440124440.0,35.10076333333333,129.053505,0.4,250.5,0,,False,AISSTREAM,PositionReport,2026-06-23 23:13:30.841966+00:00,OUT_OF_ULSAN_BBOX,False,ANCHORED
440303500.0,35.12094833333333,129.04916833333334,0.0,27.6,0,,False,AISSTREAM,PositionReport,2026-06-23 23:13:30.841966+00:00,OUT_OF_ULSAN_BBOX,False,ANCHORED
636015788.0,34.80955166666667,129.06549833333332,10.4,198.6,0,,False,AISSTREAM,PositionReport,2026-06-23 23:13:30.841966+00:00,OUT_OF_ULSAN_BBOX,False,UNDER_WAY
273295580.0,35.049265,129.005755,0.0,194.2,5,,False,AISSTREAM,PositionReport,2026-06-23 23:13:30.841966+00:00,OUT_OF_ULSAN_BBOX,False,MOORED
440220440.0,35.117886666666664,129.07259833333333,0.0,48.3,0,,False,AISSTREAM,PositionReport,2026-06-23 23:13:30.841966+00:00,OUT_OF_ULSAN_BBOX,False,ANCHORED
352005382.0,34.857655,129.139425,1.5,31.4,0,,False,AISSTREAM,PositionReport,2026-06-23 23:13:30.841966+00:00,OUT_OF_ULSAN_BBOX,False,UNDER_WAY
440150220.0,35.214090000000006,129.35730833333335,9.3,264.0,0,,False,AISSTREAM,PositionReport,2026-06-23 23:13:30.841966+00:00,OUT_OF_ULSAN_BBOX,False,UNDER_WAY
373774000.0,35.28823833333333,129.54351166666666,12.0,103.2,0,,False,AISSTREAM,PositionReport,2026-06-23 23:13:30.841966+00:00,OUT_OF_ULSAN_BBOX,False,UNDER_WAY
440135870.0,35.12546666666666,129.05263666666667,0.0,0.0,0,,False,AISSTREAM,PositionReport,2026-06-23 23:13:30.841966+00:00,OUT_OF_ULSAN_BBOX,False,ANCHORED
440008830.0,35.02386333333333,129.02452499999998,5.4,20.6,0,,False,AISSTREAM,PositionReport,2026-06-23 23:13:30.841966+00:00,OUT_OF_ULSAN_BBOX,False,UNDER_WAY
440191310.0,35.12083333333333,129.05071,0.0,302.8,8,,False,AISSTREAM,PositionReport,2026-06-23 23:13:30.841966+00:00,OUT_OF_ULSAN_BBOX,False,ANCHORED
636024890.0,34.800351666666664,128.96410666666668,6.0,319.7,3,,False,AISSTREAM,PositionReport,2026-06-23 23:13:30.841966+00:00,OUT_OF_ULSAN_BBOX,False,UNDER_WAY
440600017.0,35.09997166666667,129.05100833333333,0.0,62.1,0,,False,AISSTREAM,PositionReport,2026-06-23 23:13:30.841966+00:00,OUT_OF_ULSAN_BBOX,False,ANCHORED
440115850.0,35.040415,128.97959166666666,9.5,219.4,0,,False,AISSTREAM,PositionReport,2026-06-23 23:13:30.841966+00:00,OUT_OF_ULSAN_BBOX,False,UNDER_WAY
273512400.0,34.974315000000004,129.20197333333334,10.0,234.5,0,,False,AISSTREAM,PositionReport,2026-06-23 23:13:30.841966+00:00,OUT_OF_ULSAN_BBOX,False,UNDER_WAY
441273000.0,35.076078333333335,129.08615666666665,0.0,117.2,0,,False,AISSTREAM,PositionReport,2026-06-23 23:13:30.841966+00:00,OUT_OF_ULSAN_BBOX,False,ANCHORED
440130480.0,35.266803333333336,129.320445,13.6,34.4,0,,False,AISSTREAM,PositionReport,2026-06-23 23:13:30.841966+00:00,OUT_OF_ULSAN_BBOX,False,UNDER_WAY
273293410.0,35.095164999999994,129.07,0.0,181.6,5,,False,AISSTREAM,PositionReport,2026-06-23 23:13:30.841966+00:00,OUT_OF_ULSAN_BBOX,False,MOORED
440800105.0,34.94544333333333,128.92318166666666,0.6,61.1,3,,False,AISSTREAM,PositionReport,2026-06-23 23:13:30.841966+00:00,OUT_OF_ULSAN_BBOX,False,UNDER_WAY
440116550.0,35.108183333333336,129.09131666666667,0.0,317.2,0,,False,AISSTREAM,PositionReport,2026-06-23 23:13:30.841966+00:00,OUT_OF_ULSAN_BBOX,False,ANCHORED
440035420.0,35.04590666666666,129.11142833333332,10.6,46.3,8,,False,AISSTREAM,PositionReport,2026-06-23 23:13:30.841966+00:00,OUT_OF_ULSAN_BBOX,False,UNDER_WAY
440103440.0,35.04980166666667,129.05990666666668,0.3,313.0,0,,False,AISSTREAM,PositionReport,2026-06-23 23:13:30.841966+00:00,OUT_OF_ULSAN_BBOX,False,ANCHORED
440155380.0,35.123331666666665,129.05272,0.0,18.7,0,,False,AISSTREAM,PositionReport,2026-06-23 23:13:30.841966+00:00,OUT_OF_ULSAN_BBOX,False,ANCHORED
440000132.0,35.094593333333336,129.07082833333334,0.2,42.0,0,,False,AISSTREAM,PositionReport,2026-06-23 23:13:30.841966+00:00,OUT_OF_ULSAN_BBOX,False,ANCHORED
273890710.0,35.075981666666664,129.524145,14.3,56.2,0,,False,AISSTREAM,PositionReport,2026-06-23 23:13:30.841966+00:00,OUT_OF_ULSAN_BBOX,False,UNDER_WAY
440139260.0,35.110638333333334,129.06913500000002,0.0,105.5,0,,False,AISSTREAM,PositionReport,2026-06-23 23:13:30.841966+00:00,OUT_OF_ULSAN_BBOX,False,ANCHORED
440062680.0,35.056331666666665,128.998155,0.0,0.0,0,,False,AISSTREAM,PositionReport,2026-06-23 23:13:30.841966+00:00,OUT_OF_ULSAN_BBOX,False,ANCHORED
357109000.0,34.939978333333336,129.06263833333335,7.6,359.9,0,,False,AISSTREAM,PositionReport,2026-06-23 23:13:30.841966+00:00,OUT_OF_ULSAN_BBOX,False,UNDER_WAY
563299900.0,35.06115666666667,129.44801,0.5,275.2,0,,False,AISSTREAM,PositionReport,2026-06-23 23:13:30.841966+00:00,OUT_OF_ULSAN_BBOX,False,UNDER_WAY
440101460.0,35.096156666666666,129.04022166666667,0.0,0.0,0,,False,AISSTREAM,PositionReport,2026-06-23 23:13:30.841966+00:00,OUT_OF_ULSAN_BBOX,False,ANCHORED
440346000.0,35.103115,129.09399666666667,0.1,249.0,5,,False,AISSTREAM,PositionReport,2026-06-23 23:13:30.841966+00:00,OUT_OF_ULSAN_BBOX,False,MOORED
440079930.0,35.26085166666667,129.51494333333332,1.8,59.3,0,,False,AISSTREAM,PositionReport,2026-06-23 23:13:30.841966+00:00,OUT_OF_ULSAN_BBOX,False,UNDER_WAY
440111210.0,35.098510000000005,129.03866166666666,0.1,0.0,0,,False,AISSTREAM,PositionReport,2026-06-23 23:13:30.841966+00:00,OUT_OF_ULSAN_BBOX,False,ANCHORED
440311130.0,35.094881666666666,129.03813,0.0,28.3,15,,False,AISSTREAM,PositionReport,2026-06-23 23:13:30.841966+00:00,OUT_OF_ULSAN_BBOX,False,ANCHORED
440147920.0,35.09623833333333,129.04013333333333,0.0,197.2,0,,False,AISSTREAM,PositionReport,2026-06-23 23:13:30.841966+00:00,OUT_OF_ULSAN_BBOX,False,ANCHORED
356907000.0,35.108219999999996,129.677215,0.9,36.5,0,,False,AISSTREAM,PositionReport,2026-06-23 23:13:30.841966+00:00,OUT_OF_ULSAN_BBOX,False,UNDER_WAY
440155350.0,35.121235,129.05057166666668,0.1,252.2,0,,False,AISSTREAM,PositionReport,2026-06-23 23:13:30.841966+00:00,OUT_OF_ULSAN_BBOX,False,ANCHORED
636024694.0,34.95684833333333,129.27716,11.6,212.9,0,,False,AISSTREAM,PositionReport,2026-06-23 23:13:30.841966+00:00,OUT_OF_ULSAN_BBOX,False,UNDER_WAY
440018750.0,35.090358333333334,129.02597166666666,0.0,44.5,15,,False,AISSTREAM,PositionReport,2026-06-23 23:13:30.841966+00:00,OUT_OF_ULSAN_BBOX,False,ANCHORED
352002652.0,34.92278666666667,129.241,8.1,236.4,0,,False,AISSTREAM,PositionReport,2026-06-23 23:13:30.841966+00:00,OUT_OF_ULSAN_BBOX,False,UNDER_WAY
273399670.0,35.10321833333333,129.05989666666667,0.0,360.0,5,,False,AISSTREAM,PositionReport,2026-06-23 23:13:30.841966+00:00,OUT_OF_ULSAN_BBOX,False,MOORED
636023003.0,34.968495,129.27006500000002,11.0,211.0,0,,False,AISSTREAM,PositionReport,2026-06-23 23:13:30.841966+00:00,OUT_OF_ULSAN_BBOX,False,UNDER_WAY
440116360.0,35.153578333333336,129.22159666666667,2.5,30.1,0,,False,AISSTREAM,PositionReport,2026-06-23 23:13:30.841966+00:00,OUT_OF_ULSAN_BBOX,False,UNDER_WAY
440053240.0,35.12329333333333,129.055285,0.0,236.4,0,,False,AISSTREAM,PositionReport,2026-06-23 23:13:30.841966+00:00,OUT_OF_ULSAN_BBOX,False,ANCHORED
440410930.0,35.119485000000005,129.05089,0.0,270.1,0,,True,AISSTREAM,PositionReport,2026-06-23 23:13:30.841966+00:00,OUT_OF_ULSAN_BBOX,False,ANCHORED
440148520.0,35.110353333333336,129.06886,0.0,109.5,0,,False,AISSTREAM,PositionReport,2026-06-23 23:13:30.841966+00:00,OUT_OF_ULSAN_BBOX,False,ANCHORED
441274000.0,35.16038833333334,129.39926499999999,13.4,12.9,0,,False,AISSTREAM,PositionReport,2026-06-23 23:13:30.841966+00:00,OUT_OF_ULSAN_BBOX,False,UNDER_WAY
440100886.0,35.083126666666665,129.07877833333333,0.0,304.9,15,,False,AISSTREAM,PositionReport,2026-06-23 23:13:30.841966+00:00,OUT_OF_ULSAN_BBOX,False,ANCHORED
440360000.0,35.13404,129.11468166666666,0.0,223.1,0,,False,AISSTREAM,PositionReport,2026-06-23 23:13:30.841966+00:00,OUT_OF_ULSAN_BBOX,False,ANCHORED
440331980.0,35.119805,129.050925,0.1,7.5,8,,False,AISSTREAM,PositionReport,2026-06-23 23:13:30.841966+00:00,OUT_OF_ULSAN_BBOX,False,ANCHORED
440130790.0,35.094460000000005,129.08635833333332,10.6,304.0,0,,False,AISSTREAM,PositionReport,2026-06-23 23:13:30.841966+00:00,OUT_OF_ULSAN_BBOX,False,UNDER_WAY
352006235.0,35.10357166666667,129.08601166666668,0.0,338.2,0,,False,AISSTREAM,PositionReport,2026-06-23 23:13:30.841966+00:00,OUT_OF_ULSAN_BBOX,False,ANCHORED
440104620.0,35.12705666666667,129.06501666666665,0.0,66.0,15,,False,AISSTREAM,PositionReport,2026-06-23 23:13:30.841966+00:00,OUT_OF_ULSAN_BBOX,False,ANCHORED
636025898.0,34.90903166666667,129.20419333333334,11.6,291.3,0,,False,AISSTREAM,PositionReport,2026-06-23 23:13:30.841966+00:00,OUT_OF_ULSAN_BBOX,False,UNDER_WAY
374650000.0,34.66986833333333,129.21480333333335,13.1,49.2,0,,False,AISSTREAM,PositionReport,2026-06-23 23:13:30.841966+00:00,OUT_OF_ULSAN_BBOX,False,UNDER_WAY
440031170.0,35.1015,129.056915,0.0,0.0,0,,False,AISSTREAM,PositionReport,2026-06-23 23:13:30.841966+00:00,OUT_OF_ULSAN_BBOX,False,ANCHORED
440056620.0,35.113908333333335,129.14815666666667,0.9,174.2,15,,False,AISSTREAM,PositionReport,2026-06-23 23:13:30.841966+00:00,OUT_OF_ULSAN_BBOX,False,UNDER_WAY
440124520.0,35.13859333333333,129.55113166666666,0.8,35.1,15,,False,AISSTREAM,PositionReport,2026-06-23 23:13:30.841966+00:00,OUT_OF_ULSAN_BBOX,False,UNDER_WAY
440703970.0,35.124055,129.05210333333332,0.0,0.0,0,,False,AISSTREAM,PositionReport,2026-06-23 23:13:30.841966+00:00,OUT_OF_ULSAN_BBOX,False,ANCHORED
440053190.0,35.12309166666667,129.05528333333334,0.0,338.1,0,,False,AISSTREAM,PositionReport,2026-06-23 23:13:30.841966+00:00,OUT_OF_ULSAN_BBOX,False,ANCHORED
440132140.0,35.050468333333335,129.00040166666665,0.0,1.6,5,,False,AISSTREAM,PositionReport,2026-06-23 23:13:30.841966+00:00,OUT_OF_ULSAN_BBOX,False,MOORED
440059760.0,35.13299833333333,129.22834333333333,2.0,28.2,15,,False,AISSTREAM,PositionReport,2026-06-23 23:13:30.841966+00:00,OUT_OF_ULSAN_BBOX,False,UNDER_WAY
273349530.0,35.095283333333334,129.06978333333333,0.0,356.5,5,,False,AISSTREAM,PositionReport,2026-06-23 23:13:30.841966+00:00,OUT_OF_ULSAN_BBOX,False,MOORED
538011709.0,35.020145,129.06553666666667,0.1,309.0,1,,False,AISSTREAM,PositionReport,2026-06-23 23:13:30.841966+00:00,OUT_OF_ULSAN_BBOX,False,ANCHORED
563233800.0,34.87201166666667,128.91836166666667,6.6,316.0,0,,False,AISSTREAM,PositionReport,2026-06-23 23:13:30.841966+00:00,OUT_OF_ULSAN_BBOX,False,UNDER_WAY
440135840.0,35.00185833333333,128.97954666666666,6.9,241.1,8,,False,AISSTREAM,PositionReport,2026-06-23 23:13:30.841966+00:00,OUT_OF_ULSAN_BBOX,False,UNDER_WAY
440179060.0,35.09532333333333,129.02766,0.0,0.0,15,,False,AISSTREAM,PositionReport,2026-06-23 23:13:30.841966+00:00,OUT_OF_ULSAN_BBOX,False,ANCHORED
440109540.0,35.102205000000005,129.20245833333334,1.1,20.3,0,,False,AISSTREAM,PositionReport,2026-06-23 23:13:30.841966+00:00,OUT_OF_ULSAN_BBOX,False,UNDER_WAY
440314810.0,35.12204333333333,129.05116333333334,1.2,359.8,0,,False,AISSTREAM,PositionReport,2026-06-23 23:13:30.841966+00:00,OUT_OF_ULSAN_BBOX,False,UNDER_WAY
440100057.0,35.11801833333333,129.07223666666667,0.0,0.0,15,,False,AISSTREAM,PositionReport,2026-06-23 23:13:30.841966+00:00,OUT_OF_ULSAN_BBOX,False,ANCHORED
440400010.0,35.12174166666667,129.051385,0.1,229.5,8,,False,AISSTREAM,PositionReport,2026-06-23 23:13:30.841966+00:00,OUT_OF_ULSAN_BBOX,False,ANCHORED
440030820.0,35.10975166666666,129.06836166666668,0.1,47.6,0,,False,AISSTREAM,PositionReport,2026-06-23 23:13:30.841966+00:00,OUT_OF_ULSAN_BBOX,False,ANCHORED
440800305.0,35.098128333333335,129.049895,0.0,171.3,15,,False,AISSTREAM,PositionReport,2026-06-23 23:13:30.841966+00:00,OUT_OF_ULSAN_BBOX,False,ANCHORED
351674000.0,35.072136666666665,129.198565,1.6,3.9,0,,False,AISSTREAM,PositionReport,2026-06-23 23:13:30.841966+00:00,OUT_OF_ULSAN_BBOX,False,UNDER_WAY
441284000.0,35.10180166666667,129.05733666666666,0.0,346.4,5,,False,AISSTREAM,PositionReport,2026-06-23 23:13:30.841966+00:00,OUT_OF_ULSAN_BBOX,False,MOORED
440115430.0,35.122094999999995,129.0516516666667,0.0,227.3,0,,False,AISSTREAM,PositionReport,2026-06-23 23:13:30.841966+00:00,OUT_OF_ULSAN_BBOX,False,ANCHORED
440135870.0,35.12547166666666,129.05263333333335,0.0,0.0,0,,False,AISSTREAM,PositionReport,2026-06-23 23:13:30.841966+00:00,OUT_OF_ULSAN_BBOX,False,ANCHORED
440409920.0,34.97157666666667,129.10284,9.6,221.6,15,,False,AISSTREAM,PositionReport,2026-06-23 23:13:30.841966+00:00,OUT_OF_ULSAN_BBOX,False,UNDER_WAY
440500300.0,35.121833333333335,129.05036666666666,0.1,348.1,8,,False,AISSTREAM,PositionReport,2026-06-23 23:13:30.841966+00:00,OUT_OF_ULSAN_BBOX,False,ANCHORED
440048680.0,35.05581333333334,129.063815,0.1,51.6,1,,False,AISSTREAM,PositionReport,2026-06-23 23:13:30.841966+00:00,OUT_OF_ULSAN_BBOX,False,ANCHORED
440656000.0,35.09621166666667,129.04742333333334,0.0,329.0,15,,False,AISSTREAM,PositionReport,2026-06-23 23:13:30.841966+00:00,OUT_OF_ULSAN_BBOX,False,ANCHORED
440079710.0,35.049189999999996,129.00214833333334,0.0,163.6,0,,False,AISSTREAM,PositionReport,2026-06-23 23:13:30.841966+00:00,OUT_OF_ULSAN_BBOX,False,ANCHORED
440103020.0,35.06901333333334,129.14453166666667,11.6,39.5,0,,True,AISSTREAM,PositionReport,2026-06-23 23:13:30.841966+00:00,OUT_OF_ULSAN_BBOX,False,UNDER_WAY
440956000.0,35.077016666666665,129.08686666666668,0.1,192.0,5,,False,AISSTREAM,PositionReport,2026-06-23 23:13:30.841966+00:00,OUT_OF_ULSAN_BBOX,False,MOORED
440110850.0,35.09854666666667,129.03865166666665,0.0,284.0,0,,False,AISSTREAM,PositionReport,2026-06-23 23:13:30.841966+00:00,OUT_OF_ULSAN_BBOX,False,ANCHORED
440713100.0,35.109701666666666,129.06848166666666,0.0,3.0,15,,False,AISSTREAM,PositionReport,2026-06-23 23:13:30.841966+00:00,OUT_OF_ULSAN_BBOX,False,ANCHORED
440009900.0,35.050246666666666,129.00167,0.1,71.5,0,,False,AISSTREAM,PositionReport,2026-06-23 23:13:30.841966+00:00,OUT_OF_ULSAN_BBOX,False,ANCHORED
440107310.0,35.100458333333336,129.05176,0.0,231.8,0,,False,AISSTREAM,PositionReport,2026-06-23 23:13:30.841966+00:00,OUT_OF_ULSAN_BBOX,False,ANCHORED
442667809.0,35.08617166666667,129.070495,0.1,359.0,15,,False,AISSTREAM,PositionReport,2026-06-23 23:13:30.841966+00:00,OUT_OF_ULSAN_BBOX,False,ANCHORED
440076320.0,35.05070666666666,129.39346833333335,8.6,218.5,0,,False,AISSTREAM,PositionReport,2026-06-23 23:13:30.841966+00:00,OUT_OF_ULSAN_BBOX,False,UNDER_WAY
440800306.0,35.098225,129.04869833333333,0.0,24.8,15,,False,AISSTREAM,PositionReport,2026-06-23 23:13:30.841966+00:00,OUT_OF_ULSAN_BBOX,False,ANCHORED
440035420.0,35.04732,129.11315,11.2,44.3,8,,False,AISSTREAM,PositionReport,2026-06-23 23:13:30.841966+00:00,OUT_OF_ULSAN_BBOX,False,UNDER_WAY
636092188.0,34.91429166666667,128.86039166666666,10.0,333.7,0,,False,AISSTREAM,PositionReport,2026-06-23 23:13:30.841966+00:00,OUT_OF_ULSAN_BBOX,False,UNDER_WAY
440654000.0,35.09623333333333,129.047345,0.0,267.3,0,,False,AISSTREAM,PositionReport,2026-06-23 23:13:30.841966+00:00,OUT_OF_ULSAN_BBOX,False,ANCHORED
259148000.0,34.71632666666667,129.17521666666667,13.3,34.3,0,,False,AISSTREAM,PositionReport,2026-06-23 23:13:30.841966+00:00,OUT_OF_ULSAN_BBOX,False,UNDER_WAY
440108830.0,35.083823333333335,129.06357666666665,0.0,285.7,0,,False,AISSTREAM,PositionReport,2026-06-23 23:13:30.841966+00:00,OUT_OF_ULSAN_BBOX,False,ANCHORED
440108150.0,35.111041666666665,129.06920499999998,0.0,132.5,0,,False,AISSTREAM,PositionReport,2026-06-23 23:13:30.841966+00:00,OUT_OF_ULSAN_BBOX,False,ANCHORED
440067880.0,35.2189,129.49464166666667,9.2,269.5,15,,False,AISSTREAM,PositionReport,2026-06-23 23:13:30.841966+00:00,OUT_OF_ULSAN_BBOX,False,UNDER_WAY
440137230.0,35.123295,129.05513333333334,0.1,155.0,0,,False,AISSTREAM,PositionReport,2026-06-23 23:13:30.841966+00:00,OUT_OF_ULSAN_BBOX,False,ANCHORED
563233800.0,34.87248666666667,128.917815,6.6,316.7,0,,False,AISSTREAM,PositionReport,2026-06-23 23:13:30.841966+00:00,OUT_OF_ULSAN_BBOX,False,UNDER_WAY
440127670.0,35.11245666666667,129.06669333333332,0.5,329.8,0,,False,AISSTREAM,PositionReport,2026-06-23 23:13:30.841966+00:00,OUT_OF_ULSAN_BBOX,False,UNDER_WAY
440200113.0,35.084311666666665,129.082775,0.1,231.7,0,,False,AISSTREAM,PositionReport,2026-06-23 23:13:30.841966+00:00,OUT_OF_ULSAN_BBOX,False,ANCHORED
440051540.0,35.08226666666667,129.07958333333332,0.0,182.3,0,,False,AISSTREAM,PositionReport,2026-06-23 23:13:30.841966+00:00,OUT_OF_ULSAN_BBOX,False,ANCHORED
440196180.0,35.06417166666667,129.02694333333335,0.5,243.9,8,,False,AISSTREAM,PositionReport,2026-06-23 23:13:30.841966+00:00,OUT_OF_ULSAN_BBOX,False,UNDER_WAY
440406120.0,35.11092333333333,129.06926166666668,0.0,233.4,0,,False,AISSTREAM,PositionReport,2026-06-23 23:13:30.841966+00:00,OUT_OF_ULSAN_BBOX,False,ANCHORED
440008830.0,35.025290000000005,129.02517833333334,5.4,19.4,0,,False,AISSTREAM,PositionReport,2026-06-23 23:13:30.841966+00:00,OUT_OF_ULSAN_BBOX,False,UNDER_WAY
477066600.0,35.078435,129.18842,14.7,56.3,0,,False,AISSTREAM,PositionReport,2026-06-23 23:13:30.841966+00:00,OUT_OF_ULSAN_BBOX,False,UNDER_WAY
636024890.0,34.80167166666667,128.96277666666666,6.0,320.8,3,,False,AISSTREAM,PositionReport,2026-06-23 23:13:30.841966+00:00,OUT_OF_ULSAN_BBOX,False,UNDER_WAY
440414070.0,35.095085000000005,129.02842333333334,0.0,62.3,2,,False,AISSTREAM,PositionReport,2026-06-23 23:13:30.841966+00:00,OUT_OF_ULSAN_BBOX,False,ANCHORED
440600017.0,35.1,129.05100833333333,0.0,65.1,0,,False,AISSTREAM,PositionReport,2026-06-23 23:13:30.841966+00:00,OUT_OF_ULSAN_BBOX,False,ANCHORED
273512400.0,34.97266666666667,129.19922,10.0,234.7,0,,False,AISSTREAM,PositionReport,2026-06-23 23:13:30.841966+00:00,OUT_OF_ULSAN_BBOX,False,UNDER_WAY
441273000.0,35.076074999999996,129.08613666666668,0.0,117.2,0,,False,AISSTREAM,PositionReport,2026-06-23 23:13:30.841966+00:00,OUT_OF_ULSAN_BBOX,False,ANCHORED
440203830.0,35.109276666666666,129.06047666666666,9.5,152.0,0,,False,AISSTREAM,PositionReport,2026-06-23 23:13:30.841966+00:00,OUT_OF_ULSAN_BBOX,False,UNDER_WAY
353465000.0,34.85339,129.34144166666667,11.4,294.3,0,,False,AISSTREAM,PositionReport,2026-06-23 23:13:30.841966+00:00,OUT_OF_ULSAN_BBOX,False,UNDER_WAY
352003011.0,35.087149999999994,129.38233333333332,9.0,201.7,0,,False,AISSTREAM,PositionReport,2026-06-23 23:13:30.841966+00:00,OUT_OF_ULSAN_BBOX,False,UNDER_WAY
440800105.0,34.94552833333333,128.92330333333334,0.4,50.6,3,,False,AISSTREAM,PositionReport,2026-06-23 23:13:30.841966+00:00,OUT_OF_ULSAN_BBOX,False,ANCHORED
636022828.0,35.172670000000004,129.50977833333334,8.8,11.1,0,,False,AISSTREAM,PositionReport,2026-06-23 23:13:30.841966+00:00,OUT_OF_ULSAN_BBOX,False,UNDER_WAY
440155380.0,35.12332333333333,129.05274833333334,0.0,44.4,0,,False,AISSTREAM,PositionReport,2026-06-23 23:13:30.841966+00:00,OUT_OF_ULSAN_BBOX,False,ANCHORED
613321501.0,35.17462666666667,129.61722166666667,12.9,24.5,0,,False,AISSTREAM,PositionReport,2026-06-23 23:13:30.841966+00:00,OUT_OF_ULSAN_BBOX,False,UNDER_WAY
440062680.0,35.05631166666667,128.99815,0.0,0.0,0,,False,AISSTREAM,PositionReport,2026-06-23 23:13:30.841966+00:00,OUT_OF_ULSAN_BBOX,False,ANCHORED
352001979.0,34.895496666666666,129.02253666666667,9.6,200.0,0,,False,AISSTREAM,PositionReport,2026-06-23 23:13:30.841966+00:00,OUT_OF_ULSAN_BBOX,False,UNDER_WAY
636020905.0,34.98368333333334,129.61191333333332,17.5,232.4,0,,False,AISSTREAM,PositionReport,2026-06-23 23:13:30.841966+00:00,OUT_OF_ULSAN_BBOX,False,UNDER_WAY
273396660.0,35.002716666666664,129.03833500000002,11.8,179.7,0,,False,AISSTREAM,PositionReport,2026-06-23 23:13:30.841966+00:00,OUT_OF_ULSAN_BBOX,False,UNDER_WAY
440108790.0,35.122425,129.05143833333332,0.1,0.0,0,,False,AISSTREAM,PositionReport,2026-06-23 23:13:30.841966+00:00,OUT_OF_ULSAN_BBOX,False,ANCHORED
440079930.0,35.26110833333333,129.51541666666668,1.5,55.9,0,,False,AISSTREAM,PositionReport,2026-06-23 23:13:30.841966+00:00,OUT_OF_ULSAN_BBOX,False,UNDER_WAY
440311130.0,35.09486666666667,129.03812333333335,0.0,28.3,15,,False,AISSTREAM,PositionReport,2026-06-23 23:13:30.841966+00:00,OUT_OF_ULSAN_BBOX,False,ANCHORED
529729001.0,35.09789166666667,129.06553833333334,0.1,24.1,8,,False,AISSTREAM,PositionReport,2026-06-23 23:13:30.841966+00:00,OUT_OF_ULSAN_BBOX,False,ANCHORED
440147920.0,35.09623166666667,129.04013333333333,0.0,197.2,0,,False,AISSTREAM,PositionReport,2026-06-23 23:13:30.841966+00:00,OUT_OF_ULSAN_BBOX,False,ANCHORED
305854000.0,34.912821666666666,128.99444499999998,9.0,277.5,0,,False,AISSTREAM,PositionReport,2026-06-23 23:13:30.841966+00:00,OUT_OF_ULSAN_BBOX,False,UNDER_WAY
636023003.0,34.96583833333333,129.267995,11.0,213.8,0,,False,AISSTREAM,PositionReport,2026-06-23 23:13:30.841966+00:00,OUT_OF_ULSAN_BBOX,False,UNDER_WAY
440107530.0,35.09945166666667,129.03867666666667,0.0,327.3,15,,False,AISSTREAM,PositionReport,2026-06-23 23:13:30.841966+00:00,OUT_OF_ULSAN_BBOX,False,ANCHORED
273397170.0,34.810381666666665,129.27605833333334,10.0,218.2,0,,False,AISSTREAM,PositionReport,2026-06-23 23:13:30.841966+00:00,OUT_OF_ULSAN_BBOX,False,UNDER_WAY
440116550.0,35.108183333333336,129.09131666666667,0.0,317.2,0,,False,AISSTREAM,PositionReport,2026-06-23 23:13:30.841966+00:00,OUT_OF_ULSAN_BBOX,False,ANCHORED
440139260.0,35.11061333333334,129.069155,0.1,105.5,0,,False,AISSTREAM,PositionReport,2026-06-23 23:13:30.841966+00:00,OUT_OF_ULSAN_BBOX,False,ANCHORED
441274000.0,35.16401833333334,129.40022333333334,13.2,11.7,0,,False,AISSTREAM,PositionReport,2026-06-23 23:13:30.841966+00:00,OUT_OF_ULSAN_BBOX,False,UNDER_WAY
440100886.0,35.08312,129.07878833333334,0.0,304.9,15,,False,AISSTREAM,PositionReport,2026-06-23 23:13:30.841966+00:00,OUT_OF_ULSAN_BBOX,False,ANCHORED
440197030.0,35.09276,129.02734833333335,0.1,107.4,0,,False,AISSTREAM,PositionReport,2026-06-23 23:13:30.841966+00:00,OUT_OF_ULSAN_BBOX,False,ANCHORED
441654000.0,35.06065666666667,129.00734333333332,0.0,187.0,5,,False,AISSTREAM,PositionReport,2026-06-23 23:13:30.841966+00:00,OUT_OF_ULSAN_BBOX,False,MOORED
431446000.0,35.07228833333333,129.13875833333333,8.2,292.5,0,,False,AISSTREAM,PositionReport,2026-06-23 23:13:30.841966+00:00,OUT_OF_ULSAN_BBOX,False,UNDER_WAY
352001987.0,34.64418666666666,129.03420833333334,11.8,217.2,0,,False,AISSTREAM,PositionReport,2026-06-23 23:13:30.841966+00:00,OUT_OF_ULSAN_BBOX,False,UNDER_WAY
440130070.0,35.158964999999995,129.42437,10.5,285.0,15,,False,AISSTREAM,PositionReport,2026-06-23 23:13:30.841966+00:00,OUT_OF_ULSAN_BBOX,False,UNDER_WAY
373098000.0,34.677278333333334,129.20486166666666,2.0,15.2,0,,False,AISSTREAM,PositionReport,2026-06-23 23:13:30.841966+00:00,OUT_OF_ULSAN_BBOX,False,UNDER_WAY
440196180.0,35.06418,129.02693666666667,0.0,358.1,8,,False,AISSTREAM,PositionReport,2026-06-23 23:13:30.841966+00:00,OUT_OF_ULSAN_BBOX,False,ANCHORED
440331980.0,35.119816666666665,129.05091666666667,0.0,325.7,8,,False,AISSTREAM,PositionReport,2026-06-23 23:13:30.841966+00:00,OUT_OF_ULSAN_BBOX,False,ANCHORED
440130790.0,35.096151666666664,129.08343666666667,10.6,304.3,0,,False,AISSTREAM,PositionReport,2026-06-23 23:13:30.841966+00:00,OUT_OF_ULSAN_BBOX,False,UNDER_WAY
440031170.0,35.10149833333333,129.05693,0.0,98.9,0,,False,AISSTREAM,PositionReport,2026-06-23 23:13:30.841966+00:00,OUT_OF_ULSAN_BBOX,False,ANCHORED
440002690.0,35.120760000000004,129.05018666666666,0.1,346.3,0,,False,AISSTREAM,PositionReport,2026-06-23 23:13:30.841966+00:00,OUT_OF_ULSAN_BBOX,False,ANCHORED
440118750.0,35.110945,129.06760666666668,7.1,166.8,0,,False,AISSTREAM,PositionReport,2026-06-23 23:13:30.841966+00:00,OUT_OF_ULSAN_BBOX,False,UNDER_WAY
440313250.0,35.10903833333334,129.06619166666667,0.0,1.0,5,,False,AISSTREAM,PositionReport,2026-06-23 23:13:30.841966+00:00,OUT_OF_ULSAN_BBOX,False,MOORED
440703970.0,35.123995,129.05209,0.0,0.0,0,,False,AISSTREAM,PositionReport,2026-06-23 23:13:30.841966+00:00,OUT_OF_ULSAN_BBOX,False,ANCHORED
440714100.0,35.11992,129.05027666666666,0.0,206.5,8,,False,AISSTREAM,PositionReport,2026-06-23 23:13:30.841966+00:00,OUT_OF_ULSAN_BBOX,False,ANCHORED
440059760.0,35.13346833333333,129.22864166666668,2.9,32.8,15,,False,AISSTREAM,PositionReport,2026-06-23 23:13:30.841966+00:00,OUT_OF_ULSAN_BBOX,False,UNDER_WAY
440191310.0,35.12084,129.05068333333332,0.0,302.8,8,,False,AISSTREAM,PositionReport,2026-06-23 23:13:30.841966+00:00,OUT_OF_ULSAN_BBOX,False,ANCHORED
440177280.0,35.03179,129.41181666666665,8.8,232.0,7,,False,AISSTREAM,PositionReport,2026-06-23 23:13:30.841966+00:00,OUT_OF_ULSAN_BBOX,False,UNDER_WAY
440507780.0,35.00353666666667,129.07041833333332,9.1,232.3,0,,False,AISSTREAM,PositionReport,2026-06-23 23:13:30.841966+00:00,OUT_OF_ULSAN_BBOX,False,UNDER_WAY
563233800.0,34.87334166666667,128.91684166666667,6.6,317.2,0,,False,AISSTREAM,PositionReport,2026-06-23 23:13:30.841966+00:00,OUT_OF_ULSAN_BBOX,False,UNDER_WAY
677066000.0,35.05488833333333,129.02644666666666,0.3,329.2,8,,False,AISSTREAM,PositionReport,2026-06-23 23:13:30.841966+00:00,OUT_OF_ULSAN_BBOX,False,ANCHORED
636024694.0,34.95326166666667,129.27441333333334,11.6,212.4,0,,False,AISSTREAM,PositionReport,2026-06-23 23:13:30.841966+00:00,OUT_OF_ULSAN_BBOX,False,UNDER_WAY
440300350.0,35.10853833333333,129.06680666666665,0.1,174.0,0,,False,AISSTREAM,PositionReport,2026-06-23 23:13:30.841966+00:00,OUT_OF_ULSAN_BBOX,False,ANCHORED
440112390.0,35.102405,129.05870166666668,0.1,244.0,5,,False,AISSTREAM,PositionReport,2026-06-23 23:13:30.841966+00:00,OUT_OF_ULSAN_BBOX,False,MOORED
440109540.0,35.102455,129.20257833333332,1.2,21.9,0,,False,AISSTREAM,PositionReport,2026-06-23 23:13:30.841966+00:00,OUT_OF_ULSAN_BBOX,False,UNDER_WAY
440627000.0,35.08928166666667,129.09408666666667,7.7,167.7,0,,False,AISSTREAM,PositionReport,2026-06-23 23:13:30.841966+00:00,OUT_OF_ULSAN_BBOX,False,UNDER_WAY
440314810.0,35.122150000000005,129.05117833333333,0.1,342.8,0,,False,AISSTREAM,PositionReport,2026-06-23 23:13:30.841966+00:00,OUT_OF_ULSAN_BBOX,False,ANCHORED
636025898.0,34.91048166666667,129.19990666666666,11.6,291.3,0,,False,AISSTREAM,PositionReport,2026-06-23 23:13:30.841966+00:00,OUT_OF_ULSAN_BBOX,False,UNDER_WAY
440400010.0,35.121766666666666,129.05139666666668,0.1,229.5,8,,False,AISSTREAM,PositionReport,2026-06-23 23:13:30.841966+00:00,OUT_OF_ULSAN_BBOX,False,ANCHORED
441852000.0,34.92339166666667,129.20126333333332,11.1,297.1,0,,False,AISSTREAM,PositionReport,2026-06-23 23:13:30.841966+00:00,OUT_OF_ULSAN_BBOX,False,UNDER_WAY
440030820.0,35.10979333333333,129.06837166666665,0.0,47.6,0,,False,AISSTREAM,PositionReport,2026-06-23 23:13:30.841966+00:00,OUT_OF_ULSAN_BBOX,False,ANCHORED
440800305.0,35.098124999999996,129.04989833333335,0.0,171.3,15,,False,AISSTREAM,PositionReport,2026-06-23 23:13:30.841966+00:00,OUT_OF_ULSAN_BBOX,False,ANCHORED
351674000.0,35.072583333333334,129.198645,1.6,5.7,0,,False,AISSTREAM,PositionReport,2026-06-23 23:13:30.841966+00:00,OUT_OF_ULSAN_BBOX,False,UNDER_WAY
273897500.0,35.10331,129.06001333333333,0.0,360.0,0,,False,AISSTREAM,PositionReport,2026-06-23 23:13:30.841966+00:00,OUT_OF_ULSAN_BBOX,False,ANCHORED
440376000.0,35.08336666666666,129.081855,0.0,96.7,15,,False,AISSTREAM,PositionReport,2026-06-23 23:13:30.841966+00:00,OUT_OF_ULSAN_BBOX,False,ANCHORED
353861000.0,35.11758333333333,129.07125,0.0,4.3,5,,False,AISSTREAM,PositionReport,2026-06-23 23:13:30.841966+00:00,OUT_OF_ULSAN_BBOX,False,MOORED
440409920.0,34.96957166666667,129.10065666666665,9.7,222.9,15,,False,AISSTREAM,PositionReport,2026-06-23 23:13:30.841966+00:00,OUT_OF_ULSAN_BBOX,False,UNDER_WAY
440525000.0,35.13495,129.48266666666666,1.8,40.0,0,,False,AISSTREAM,PositionReport,2026-06-23 23:13:30.841966+00:00,OUT_OF_ULSAN_BBOX,False,UNDER_WAY
440656000.0,35.09622666666667,129.04745166666666,0.0,329.0,15,,False,AISSTREAM,PositionReport,2026-06-23 23:13:30.841966+00:00,OUT_OF_ULSAN_BBOX,False,ANCHORED
636019178.0,34.90115166666667,129.274295,11.7,244.8,0,,False,AISSTREAM,PositionReport,2026-06-23 23:13:30.841966+00:00,OUT_OF_ULSAN_BBOX,False,UNDER_WAY
440035420.0,35.04936333333333,129.11562666666666,9.5,46.5,8,,False,AISSTREAM,PositionReport,2026-06-23 23:13:30.841966+00:00,OUT_OF_ULSAN_BBOX,False,UNDER_WAY
440076320.0,35.049,129.39149166666667,8.2,227.2,0,,False,AISSTREAM,PositionReport,2026-06-23 23:13:30.841966+00:00,OUT_OF_ULSAN_BBOX,False,UNDER_WAY
440654000.0,35.09623833333333,129.04736,0.0,267.3,0,,False,AISSTREAM,PositionReport,2026-06-23 23:13:30.841966+00:00,OUT_OF_ULSAN_BBOX,False,ANCHORED
636092188.0,34.91676,128.858895,10.0,333.5,0,,False,AISSTREAM,PositionReport,2026-06-23 23:13:30.841966+00:00,OUT_OF_ULSAN_BBOX,False,UNDER_WAY
440103970.0,35.12197166666667,129.049595,0.0,321.7,0,,False,AISSTREAM,PositionReport,2026-06-23 23:13:30.841966+00:00,OUT_OF_ULSAN_BBOX,False,ANCHORED
477222600.0,34.740343333333335,129.28966666666668,14.5,235.0,0,,False,AISSTREAM,PositionReport,2026-06-23 23:13:30.841966+00:00,OUT_OF_ULSAN_BBOX,False,UNDER_WAY
440044920.0,35.02536333333333,129.09009,11.2,227.2,8,,False,AISSTREAM,PositionReport,2026-06-23 23:13:30.841966+00:00,OUT_OF_ULSAN_BBOX,False,UNDER_WAY
440104800.0,35.108934999999995,129.066125,0.1,343.4,0,,False,AISSTREAM,PositionReport,2026-06-23 23:13:30.841966+00:00,OUT_OF_ULSAN_BBOX,False,ANCHORED
440800306.0,35.09822666666666,129.04869,0.1,24.8,15,,False,AISSTREAM,PositionReport,2026-06-23 23:13:30.841966+00:00,OUT_OF_ULSAN_BBOX,False,ANCHORED
440103790.0,35.055856666666664,129.029005,10.2,213.8,1,,False,AISSTREAM,PositionReport,2026-06-23 23:13:30.841966+00:00,OUT_OF_ULSAN_BBOX,False,UNDER_WAY
440605000.0,35.08265333333333,129.08030166666668,0.2,346.6,15,,False,AISSTREAM,PositionReport,2026-06-23 23:13:30.841966+00:00,OUT_OF_ULSAN_BBOX,False,ANCHORED
440137230.0,35.12329,129.05512166666668,0.0,155.0,0,,False,AISSTREAM,PositionReport,2026-06-23 23:13:30.841966+00:00,OUT_OF_ULSAN_BBOX,False,ANCHORED
357422000.0,34.92192333333333,129.49705166666666,12.6,47.2,0,,False,AISSTREAM,PositionReport,2026-06-23 23:13:30.841966+00:00,OUT_OF_ULSAN_BBOX,False,UNDER_WAY
355493000.0,35.05076333333333,129.05958,0.1,269.7,1,,False,AISSTREAM,PositionReport,2026-06-23 23:13:30.841966+00:00,OUT_OF_ULSAN_BBOX,False,ANCHORED
538011794.0,35.00960666666666,128.91297500000002,0.0,184.1,3,,False,AISSTREAM,PositionReport,2026-06-23 23:13:30.841966+00:00,OUT_OF_ULSAN_BBOX,False,ANCHORED
369894000.0,35.12237833333334,129.07157,0.0,0.0,5,,False,AISSTREAM,PositionReport,2026-06-23 23:13:30.841966+00:00,OUT_OF_ULSAN_BBOX,False,MOORED
440051540.0,35.08226666666667,129.0796,0.0,182.3,0,,False,AISSTREAM,PositionReport,2026-06-23 23:13:30.841966+00:00,OUT_OF_ULSAN_BBOX,False,ANCHORED
440406120.0,35.11091833333333,129.06927000000002,0.0,233.4,0,,False,AISSTREAM,PositionReport,2026-06-23 23:13:30.841966+00:00,OUT_OF_ULSAN_BBOX,False,ANCHORED
440002070.0,35.119695,129.05061666666668,0.0,5.6,0,,False,AISSTREAM,PositionReport,2026-06-23 23:13:30.841966+00:00,OUT_OF_ULSAN_BBOX,False,ANCHORED
440008830.0,35.02668333333334,129.025735,5.1,18.5,0,,False,AISSTREAM,PositionReport,2026-06-23 23:13:30.841966+00:00,OUT_OF_ULSAN_BBOX,False,UNDER_WAY
477066600.0,35.080725,129.19257,14.7,55.7,0,,False,AISSTREAM,PositionReport,2026-06-23 23:13:30.841966+00:00,OUT_OF_ULSAN_BBOX,False,UNDER_WAY
440627000.0,35.08837666666667,129.09445166666666,7.5,159.1,0,,False,AISSTREAM,PositionReport,2026-06-23 23:13:30.841966+00:00,OUT_OF_ULSAN_BBOX,False,UNDER_WAY
440414070.0,35.09507,129.02841833333335,0.0,62.3,2,,False,AISSTREAM,PositionReport,2026-06-23 23:13:30.841966+00:00,OUT_OF_ULSAN_BBOX,False,ANCHORED
273512400.0,34.97104,129.19642833333333,10.0,234.4,0,,False,AISSTREAM,PositionReport,2026-06-23 23:13:30.841966+00:00,OUT_OF_ULSAN_BBOX,False,UNDER_WAY
440191390.0,35.15300666666667,129.29407,1.6,30.7,0,,False,AISSTREAM,PositionReport,2026-06-23 23:13:30.841966+00:00,OUT_OF_ULSAN_BBOX,False,UNDER_WAY
353465000.0,34.85470833333333,129.33791333333335,11.4,295.3,0,,False,AISSTREAM,PositionReport,2026-06-23 23:13:30.841966+00:00,OUT_OF_ULSAN_BBOX,False,UNDER_WAY
440207740.0,35.08436666666667,129.08287166666668,0.0,284.0,15,,False,AISSTREAM,PositionReport,2026-06-23 23:13:30.841966+00:00,OUT_OF_ULSAN_BBOX,False,ANCHORED
440110850.0,35.09854333333333,129.03864166666668,0.0,287.7,0,,False,AISSTREAM,PositionReport,2026-06-23 23:13:30.841966+00:00,OUT_OF_ULSAN_BBOX,False,ANCHORED
440107310.0,35.100458333333336,129.05176,0.0,231.8,0,,False,AISSTREAM,PositionReport,2026-06-23 23:13:30.841966+00:00,OUT_OF_ULSAN_BBOX,False,ANCHORED
440200113.0,35.08431666666667,129.08276333333333,0.0,231.7,0,,False,AISSTREAM,PositionReport,2026-06-23 23:13:30.841966+00:00,OUT_OF_ULSAN_BBOX,False,ANCHORED
273293410.0,35.09518166666667,129.06999333333334,0.0,181.6,5,,False,AISSTREAM,PositionReport,2026-06-23 23:13:30.841966+00:00,OUT_OF_ULSAN_BBOX,False,MOORED
440100580.0,35.110013333333335,129.06870666666666,0.1,127.1,0,,False,AISSTREAM,PositionReport,2026-06-23 23:13:30.841966+00:00,OUT_OF_ULSAN_BBOX,False,ANCHORED
440155380.0,35.12332666666667,129.05275,0.0,60.8,0,,False,AISSTREAM,PositionReport,2026-06-23 23:13:30.841966+00:00,OUT_OF_ULSAN_BBOX,False,ANCHORED
273890710.0,35.080425,129.53217666666666,14.2,55.4,0,,False,AISSTREAM,PositionReport,2026-06-23 23:13:30.841966+00:00,OUT_OF_ULSAN_BBOX,False,UNDER_WAY
613321501.0,35.177906666666665,129.61907833333333,13.0,25.0,0,,False,AISSTREAM,PositionReport,2026-06-23 23:13:30.841966+00:00,OUT_OF_ULSAN_BBOX,False,UNDER_WAY
357109000.0,34.944203333333334,129.06269,7.5,0.5,0,,False,AISSTREAM,PositionReport,2026-06-23 23:13:30.841966+00:00,OUT_OF_ULSAN_BBOX,False,UNDER_WAY
352001979.0,34.892921666666666,129.02139333333332,9.7,199.5,0,,False,AISSTREAM,PositionReport,2026-06-23 23:13:30.841966+00:00,OUT_OF_ULSAN_BBOX,False,UNDER_WAY
440108610.0,35.093761666666666,129.03601,0.0,54.4,0,,False,AISSTREAM,PositionReport,2026-06-23 23:13:30.841966+00:00,OUT_OF_ULSAN_BBOX,False,ANCHORED
440124440.0,35.100743333333334,129.053695,0.6,250.5,0,,False,AISSTREAM,PositionReport,2026-06-23 23:13:30.841966+00:00,OUT_OF_ULSAN_BBOX,False,UNDER_WAY
440311130.0,35.09486666666667,129.03812833333333,0.0,28.3,15,,False,AISSTREAM,PositionReport,2026-06-23 23:13:30.841966+00:00,OUT_OF_ULSAN_BBOX,False,ANCHORED
440220440.0,35.11788833333333,129.07260333333335,0.1,48.3,0,,False,AISSTREAM,PositionReport,2026-06-23 23:13:30.841966+00:00,OUT_OF_ULSAN_BBOX,False,ANCHORED
441485000.0,35.026916666666665,129.15868333333333,11.4,134.0,0,,False,AISSTREAM,PositionReport,2026-06-23 23:13:30.841966+00:00,OUT_OF_ULSAN_BBOX,False,UNDER_WAY
413380760.0,35.10536666666667,129.07155666666665,0.0,45.9,5,,True,AISSTREAM,PositionReport,2026-06-23 23:13:30.841966+00:00,OUT_OF_ULSAN_BBOX,False,MOORED
440101970.0,35.10340833333333,129.17442666666668,7.5,149.8,15,,False,AISSTREAM,PositionReport,2026-06-23 23:13:30.841966+00:00,OUT_OF_ULSAN_BBOX,False,UNDER_WAY
440148520.0,35.11033,129.06885333333332,0.0,109.5,0,,False,AISSTREAM,PositionReport,2026-06-23 23:13:30.841966+00:00,OUT_OF_ULSAN_BBOX,False,ANCHORED
636024382.0,34.944775,129.36559,15.0,33.7,0,,False,AISSTREAM,PositionReport,2026-06-23 23:13:30.841966+00:00,OUT_OF_ULSAN_BBOX,False,UNDER_WAY
440100886.0,35.08313,129.07878,0.0,304.9,15,,False,AISSTREAM,PositionReport,2026-06-23 23:13:30.841966+00:00,OUT_OF_ULSAN_BBOX,False,ANCHORED
273389460.0,35.098153333333336,129.06466166666667,0.1,276.1,5,,False,AISSTREAM,PositionReport,2026-06-23 23:13:30.841966+00:00,OUT_OF_ULSAN_BBOX,False,MOORED
440224730.0,34.78036833333333,129.01484,10.2,230.3,8,,False,AISSTREAM,PositionReport,2026-06-23 23:13:30.841966+00:00,OUT_OF_ULSAN_BBOX,False,UNDER_WAY
352002265.0,34.90980166666667,129.39364666666668,14.1,129.0,0,,False,AISSTREAM,PositionReport,2026-06-23 23:13:30.841966+00:00,OUT_OF_ULSAN_BBOX,False,UNDER_WAY
563299900.0,35.061233333333334,129.447765,0.3,289.1,0,,False,AISSTREAM,PositionReport,2026-06-23 23:13:30.841966+00:00,OUT_OF_ULSAN_BBOX,False,ANCHORED
440103010.0,35.11264333333334,129.06839666666667,0.0,360.0,0,,False,AISSTREAM,PositionReport,2026-06-23 23:13:30.841966+00:00,OUT_OF_ULSAN_BBOX,False,ANCHORED
431446000.0,35.07311833333333,129.13632666666666,7.6,292.8,0,,False,AISSTREAM,PositionReport,2026-06-23 23:13:30.841966+00:00,OUT_OF_ULSAN_BBOX,False,UNDER_WAY
441273000.0,35.07606666666666,129.08612666666667,0.0,117.2,0,,False,AISSTREAM,PositionReport,2026-06-23 23:13:30.841966+00:00,OUT_OF_ULSAN_BBOX,False,ANCHORED
352001987.0,34.64149,129.031725,11.8,217.4,0,,False,AISSTREAM,PositionReport,2026-06-23 23:13:30.841966+00:00,OUT_OF_ULSAN_BBOX,False,UNDER_WAY
440331980.0,35.11981333333333,129.05091333333334,0.0,305.2,8,,False,AISSTREAM,PositionReport,2026-06-23 23:13:30.841966+00:00,OUT_OF_ULSAN_BBOX,False,ANCHORED
352003011.0,35.08408333333333,129.38081333333332,9.0,201.8,0,,False,AISSTREAM,PositionReport,2026-06-23 23:13:30.841966+00:00,OUT_OF_ULSAN_BBOX,False,UNDER_WAY
352006235.0,35.103565,129.08601333333334,0.0,338.2,0,,False,AISSTREAM,PositionReport,2026-06-23 23:13:30.841966+00:00,OUT_OF_ULSAN_BBOX,False,ANCHORED
273278540.0,35.10000333333333,129.06065,0.0,155.4,5,,False,AISSTREAM,PositionReport,2026-06-23 23:13:30.841966+00:00,OUT_OF_ULSAN_BBOX,False,MOORED
440002690.0,35.12077333333333,129.05017166666667,0.0,346.3,0,,False,AISSTREAM,PositionReport,2026-06-23 23:13:30.841966+00:00,OUT_OF_ULSAN_BBOX,False,ANCHORED
440118750.0,35.109805,129.06816833333335,1.3,91.1,0,,False,AISSTREAM,PositionReport,2026-06-23 23:13:30.841966+00:00,OUT_OF_ULSAN_BBOX,False,UNDER_WAY
413453290.0,35.06332,129.20422166666668,1.8,264.4,0,,False,AISSTREAM,PositionReport,2026-06-23 23:13:30.841966+00:00,OUT_OF_ULSAN_BBOX,False,UNDER_WAY
440056620.0,35.113655,129.14791166666666,0.6,213.3,15,,False,AISSTREAM,PositionReport,2026-06-23 23:13:30.841966+00:00,OUT_OF_ULSAN_BBOX,False,UNDER_WAY
440714100.0,35.119906666666665,129.050305,0.0,206.5,8,,False,AISSTREAM,PositionReport,2026-06-23 23:13:30.841966+00:00,OUT_OF_ULSAN_BBOX,False,ANCHORED
440053190.0,35.123095,129.05527666666666,0.0,338.1,0,,False,AISSTREAM,PositionReport,2026-06-23 23:13:30.841966+00:00,OUT_OF_ULSAN_BBOX,False,ANCHORED
440059760.0,35.13396,129.22894333333335,1.4,25.1,15,,False,AISSTREAM,PositionReport,2026-06-23 23:13:30.841966+00:00,OUT_OF_ULSAN_BBOX,False,UNDER_WAY
440092260.0,35.103385,129.08568666666667,0.0,269.2,5,,False,AISSTREAM,PositionReport,2026-06-23 23:13:30.841966+00:00,OUT_OF_ULSAN_BBOX,False,MOORED
440067880.0,35.21888,129.48944833333334,9.2,270.1,15,,False,AISSTREAM,PositionReport,2026-06-23 23:13:30.841966+00:00,OUT_OF_ULSAN_BBOX,False,UNDER_WAY
563233800.0,34.87471166666667,128.91531,6.6,318.0,0,,False,AISSTREAM,PositionReport,2026-06-23 23:13:30.841966+00:00,OUT_OF_ULSAN_BBOX,False,UNDER_WAY
440300350.0,35.108536666666666,129.06682333333333,0.1,174.0,0,,False,AISSTREAM,PositionReport,2026-06-23 23:13:30.841966+00:00,OUT_OF_ULSAN_BBOX,False,ANCHORED
440314810.0,35.122175,129.051195,0.2,21.0,0,,False,AISSTREAM,PositionReport,2026-06-23 23:13:30.841966+00:00,OUT_OF_ULSAN_BBOX,False,ANCHORED
352002652.0,34.91981666666666,129.23554666666666,8.1,236.3,0,,False,AISSTREAM,PositionReport,2026-06-23 23:13:30.841966+00:00,OUT_OF_ULSAN_BBOX,False,UNDER_WAY
440200000.0,35.100393333333336,129.0518766666667,0.0,20.1,0,,False,AISSTREAM,PositionReport,2026-06-23 23:13:30.841966+00:00,OUT_OF_ULSAN_BBOX,False,ANCHORED
440104620.0,35.12706333333333,129.06500666666668,0.0,66.0,15,,False,AISSTREAM,PositionReport,2026-06-23 23:13:30.841966+00:00,OUT_OF_ULSAN_BBOX,False,ANCHORED
440800305.0,35.09813,129.04991,0.0,171.3,15,,False,AISSTREAM,PositionReport,2026-06-23 23:13:30.841966+00:00,OUT_OF_ULSAN_BBOX,False,ANCHORED
440627000.0,35.08735333333333,129.09534,7.3,138.1,0,,False,AISSTREAM,PositionReport,2026-06-23 23:13:30.841966+00:00,OUT_OF_ULSAN_BBOX,False,UNDER_WAY
440305360.0,34.99913333333333,128.91876333333332,8.8,259.5,8,,False,AISSTREAM,PositionReport,2026-06-23 23:13:30.841966+00:00,OUT_OF_ULSAN_BBOX,False,UNDER_WAY
352002882.0,35.09804333333333,129.09459833333332,0.0,84.2,5,,False,AISSTREAM,PositionReport,2026-06-23 23:13:30.841966+00:00,OUT_OF_ULSAN_BBOX,False,MOORED
440500300.0,35.12181666666667,129.05031666666667,0.1,316.1,8,,False,AISSTREAM,PositionReport,2026-06-23 23:13:30.841966+00:00,OUT_OF_ULSAN_BBOX,False,ANCHORED
440525000.0,35.13531666666667,129.48306666666667,1.8,41.0,0,,False,AISSTREAM,PositionReport,2026-06-23 23:13:30.841966+00:00,OUT_OF_ULSAN_BBOX,False,UNDER_WAY
440360000.0,35.133995,129.11463999999998,0.0,11.1,0,,False,AISSTREAM,PositionReport,2026-06-23 23:13:30.841966+00:00,OUT_OF_ULSAN_BBOX,False,ANCHORED
440656000.0,35.09620333333333,129.04745666666665,0.0,329.0,15,,False,AISSTREAM,PositionReport,2026-06-23 23:13:30.841966+00:00,OUT_OF_ULSAN_BBOX,False,ANCHORED
440806000.0,35.10612166666667,129.09371666666667,0.0,79.9,5,,False,AISSTREAM,PositionReport,2026-06-23 23:13:30.841966+00:00,OUT_OF_ULSAN_BBOX,False,MOORED
440103020.0,35.07442,129.14929666666666,12.3,32.3,0,,True,AISSTREAM,PositionReport,2026-06-23 23:13:30.841966+00:00,OUT_OF_ULSAN_BBOX,False,UNDER_WAY
636019178.0,34.89976166666667,129.27069666666665,11.8,244.3,0,,False,AISSTREAM,PositionReport,2026-06-23 23:13:30.841966+00:00,OUT_OF_ULSAN_BBOX,False,UNDER_WAY
440009900.0,35.050235,129.00167833333333,0.1,70.1,0,,False,AISSTREAM,PositionReport,2026-06-23 23:13:30.841966+00:00,OUT_OF_ULSAN_BBOX,False,ANCHORED
440404100.0,35.116705,129.04957166666665,0.1,226.9,5,,False,AISSTREAM,PositionReport,2026-06-23 23:13:30.841966+00:00,OUT_OF_ULSAN_BBOX,False,MOORED
440144120.0,34.942348333333335,129.309965,1.6,33.6,0,,False,AISSTREAM,PositionReport,2026-06-23 23:13:30.841966+00:00,OUT_OF_ULSAN_BBOX,False,UNDER_WAY
636092188.0,34.919325,128.85736333333332,9.9,333.8,0,,False,AISSTREAM,PositionReport,2026-06-23 23:13:30.841966+00:00,OUT_OF_ULSAN_BBOX,False,UNDER_WAY
259148000.0,34.72242333333334,129.180365,13.3,35.1,0,,False,AISSTREAM,PositionReport,2026-06-23 23:13:30.841966+00:00,OUT_OF_ULSAN_BBOX,False,UNDER_WAY
440101989.0,35.102465,129.17506666666665,7.9,147.3,5,,False,AISSTREAM,PositionReport,2026-06-23 23:13:30.841966+00:00,OUT_OF_ULSAN_BBOX,False,UNDER_WAY
440047230.0,35.09751000000001,129.07070333333334,0.0,0.0,1,,False,AISSTREAM,PositionReport,2026-06-23 23:13:30.841966+00:00,OUT_OF_ULSAN_BBOX,False,ANCHORED
477222600.0,34.738031666666664,129.285705,14.5,235.5,0,,False,AISSTREAM,PositionReport,2026-06-23 23:13:30.841966+00:00,OUT_OF_ULSAN_BBOX,False,UNDER_WAY
440108830.0,35.083819999999996,129.06354666666667,0.1,285.7,0,,False,AISSTREAM,PositionReport,2026-06-23 23:13:30.841966+00:00,OUT_OF_ULSAN_BBOX,False,ANCHORED
440202770.0,35.09627666666667,129.06833333333333,0.1,246.2,0,,False,AISSTREAM,PositionReport,2026-06-23 23:13:30.841966+00:00,OUT_OF_ULSAN_BBOX,False,ANCHORED
413383270.0,35.01397166666666,129.1555,10.7,353.7,0,,False,AISSTREAM,PositionReport,2026-06-23 23:13:30.841966+00:00,OUT_OF_ULSAN_BBOX,False,UNDER_WAY
440800306.0,35.098214999999996,129.04869,0.1,24.8,15,,False,AISSTREAM,PositionReport,2026-06-23 23:13:30.841966+00:00,OUT_OF_ULSAN_BBOX,False,ANCHORED
273273570.0,35.19992,129.777515,11.5,34.5,0,,False,AISSTREAM,PositionReport,2026-06-23 23:13:30.841966+00:00,OUT_OF_ULSAN_BBOX,False,UNDER_WAY
312866000.0,35.12662,129.46258666666665,12.2,35.3,0,,False,AISSTREAM,PositionReport,2026-06-23 23:13:30.841966+00:00,OUT_OF_ULSAN_BBOX,False,UNDER_WAY
441261000.0,35.012026666666664,129.22349833333334,12.0,126.8,0,,False,AISSTREAM,PositionReport,2026-06-23 23:13:30.841966+00:00,OUT_OF_ULSAN_BBOX,False,UNDER_WAY
440108150.0,35.11101833333333,129.06922333333333,0.1,132.5,0,,False,AISSTREAM,PositionReport,2026-06-23 23:13:30.841966+00:00,OUT_OF_ULSAN_BBOX,False,ANCHORED
440713100.0,35.109698333333334,129.06848666666667,0.0,3.0,15,,False,AISSTREAM,PositionReport,2026-06-23 23:13:30.841966+00:00,OUT_OF_ULSAN_BBOX,False,ANCHORED
352005751.0,35.10311,129.06023333333331,0.0,0.0,5,,False,AISSTREAM,PositionReport,2026-06-23 23:13:30.841966+00:00,OUT_OF_ULSAN_BBOX,False,MOORED
352003243.0,34.81667,129.35229166666667,14.3,98.1,0,,False,AISSTREAM,PositionReport,2026-06-23 23:13:30.841966+00:00,OUT_OF_ULSAN_BBOX,False,UNDER_WAY
440127670.0,35.113036666666666,129.06652333333332,1.0,11.6,0,,False,AISSTREAM,PositionReport,2026-06-23 23:13:30.841966+00:00,OUT_OF_ULSAN_BBOX,False,UNDER_WAY
235068051.0,34.93730166666667,128.84483833333334,9.8,327.7,0,,False,AISSTREAM,PositionReport,2026-06-23 23:13:30.841966+00:00,OUT_OF_ULSAN_BBOX,False,UNDER_WAY
440121630.0,35.098315,129.03904500000002,0.1,247.6,0,,False,AISSTREAM,PositionReport,2026-06-23 23:13:30.841966+00:00,OUT_OF_ULSAN_BBOX,False,ANCHORED
440303500.0,35.120956666666665,129.04918,0.0,27.6,0,,False,AISSTREAM,PositionReport,2026-06-23 23:13:30.841966+00:00,OUT_OF_ULSAN_BBOX,False,ANCHORED
440051540.0,35.08228333333333,129.07958333333332,0.0,182.3,0,,False,AISSTREAM,PositionReport,2026-06-23 23:13:30.841966+00:00,OUT_OF_ULSAN_BBOX,False,ANCHORED
440116360.0,35.15499833333333,129.22227666666666,1.6,26.2,0,,False,AISSTREAM,PositionReport,2026-06-23 23:13:30.841966+00:00,OUT_OF_ULSAN_BBOX,False,UNDER_WAY
636020905.0,34.97827333333333,129.603475,17.6,233.0,0,,False,AISSTREAM,PositionReport,2026-06-23 23:13:30.841966+00:00,OUT_OF_ULSAN_BBOX,False,UNDER_WAY
440008830.0,35.028055,129.02633166666666,5.1,21.8,0,,False,AISSTREAM,PositionReport,2026-06-23 23:13:30.841966+00:00,OUT_OF_ULSAN_BBOX,False,UNDER_WAY
636024890.0,34.80433666666667,128.96022666666667,6.0,322.2,3,,False,AISSTREAM,PositionReport,2026-06-23 23:13:30.841966+00:00,OUT_OF_ULSAN_BBOX,False,UNDER_WAY
440627000.0,35.08683166666666,129.096075,7.5,130.3,0,,False,AISSTREAM,PositionReport,2026-06-23 23:13:30.841966+00:00,OUT_OF_ULSAN_BBOX,False,UNDER_WAY
440600017.0,35.10005,129.05098666666666,0.0,0.0,0,,False,AISSTREAM,PositionReport,2026-06-23 23:13:30.841966+00:00,OUT_OF_ULSAN_BBOX,False,ANCHORED
273512400.0,34.9694,129.19363166666668,10.1,235.0,0,,False,AISSTREAM,PositionReport,2026-06-23 23:13:30.841966+00:00,OUT_OF_ULSAN_BBOX,False,UNDER_WAY
440191390.0,35.15337666666667,129.29434166666667,1.6,23.5,0,,False,AISSTREAM,PositionReport,2026-06-23 23:13:30.841966+00:00,OUT_OF_ULSAN_BBOX,False,UNDER_WAY
440137230.0,35.12329166666667,129.05511833333333,0.0,155.0,0,,False,AISSTREAM,PositionReport,2026-06-23 23:13:30.841966+00:00,OUT_OF_ULSAN_BBOX,False,ANCHORED
667002343.0,35.04958166666667,129.05179666666666,0.0,67.9,1,,False,AISSTREAM,PositionReport,2026-06-23 23:13:30.841966+00:00,OUT_OF_ULSAN_BBOX,False,ANCHORED
440101970.0,35.10210333333334,129.17543166666667,5.2,111.6,15,,False,AISSTREAM,PositionReport,2026-06-23 23:13:30.841966+00:00,OUT_OF_ULSAN_BBOX,False,UNDER_WAY
440155380.0,35.123333333333335,129.05278,0.0,72.8,0,,False,AISSTREAM,PositionReport,2026-06-23 23:13:30.841966+00:00,OUT_OF_ULSAN_BBOX,False,ANCHORED
273348520.0,35.05077333333334,129.06573,0.1,0.0,1,,False,AISSTREAM,PositionReport,2026-06-23 23:13:30.841966+00:00,OUT_OF_ULSAN_BBOX,False,ANCHORED
440123456.0,35.45,129.35,12.5,180.0,0,2026-06-01 08:00:00+00:00,True,AISSTREAM,PositionReport,2026-06-23 23:13:30.841966+00:00,OK,False,UNDER_WAY
440987654.0,35.38,129.42,0.1,90.0,1,2026-06-01 08:05:00+00:00,True,AISSTREAM,PositionReport,2026-06-23 23:13:30.841966+00:00,OK,False,ANCHORED
440111222.0,34.9,128.5,15.0,270.0,0,2026-06-01 08:10:00+00:00,False,AISSTREAM,PositionReport,2026-06-23 23:13:30.841966+00:00,OUT_OF_ULSAN_BBOX,False,UNDER_WAY
440333444.0,35.5,129.3,-5.0,45.0,0,2026-06-01 08:15:00+00:00,False,AISSTREAM,PositionReport,2026-06-23 23:13:30.841966+00:00,INVALID_SPEED,False,ANCHORED
440555666.0,35.52,129.28,8.0,400.0,0,2026-06-01 08:20:00+00:00,False,AISSTREAM,PositionReport,2026-06-23 23:13:30.841966+00:00,INVALID_COURSE,False,UNDER_WAY
,35.4,129.3,10.0,120.0,0,2026-06-01 08:25:00+00:00,False,AISSTREAM,PositionReport,2026-06-23 23:13:30.841966+00:00,MISSING_KEY,False,UNDER_WAY
440777888.0,,129.3,10.0,120.0,0,2026-06-01 08:30:00+00:00,False,AISSTREAM,PositionReport,2026-06-23 23:13:30.841966+00:00,MISSING_COORDINATE,False,UNDER_WAY
440999000.0,0.0,0.0,5.0,150.0,0,2026-06-01 08:35:00+00:00,False,AISSTREAM,PositionReport,2026-06-23 23:13:30.841966+00:00,MISSING_COORDINATE,False,UNDER_WAY
