chem_id,cargo_name_raw,cargo_name_en,cas_no,flash_point_celsius,flash_point_text,boiling_point_text,vapor_pressure_text,specific_gravity_text,dg_un_no,imdg_class,packing_group,ems_fire,ems_spill,ghs_hazard,signal_word,h_statements,emergency_response,fire_response,spill_response,incompatible_materials,decomposition_products,toxicity_info,legal_regulation,source_system,source_table,collected_at_utc,quality_flag,is_synthetic
000910,중질 나프타,,64741-41-9,,자료없음,60~230 ℃  |   ※출처 : IUCLID,자료없음,자료없음,,해당없음,해당없음,해당없음,해당없음,피부 부식성/피부 자극성 : 구분2|생식세포 변이원성 : 구분1B|발암성 : 구분1B|흡인 유해성 : 구분1|만성 수생환경 유해성 : 구분2,위험,"H304 : 삼켜서 기도로 유입되면 치명적일 수 있음|H315 : 피부에 자극을 일으킴|H340 : 유전적인 결함을 일으킬 수 있음(유전적인 결함을 일으키는 노출 경로를 기재한다. 단, 다른 노출경로에 의해 유전적인 결함을 일으키지 않는다는 결정적인 증거가 있는 경우에 한한다.)|H350 : 암을 일으킬 수 있음(암을 일으키는 노출 경로를 기재한다. 단, 다른 노출경로에 의해 암을 일으키지 않는다는 결정적인 증거가 있는 경우에 한한다.)|H411 : 장기적인 영향에 의해 수생생물에게 유독함",,,,"고온에서 분해되어 독성가스를 생성할 수 있음|가열시 용기가 폭발할 수 있음|일부는 탈 수 있으나 쉽게 점화하지 않음|비인화성, 물질 자체는 타지 않으나 가열시 분해하여 부식성/독성 흄을 발생할 수 있음|열, 스파크, 화염 등 점화원|가연성 물질, 환원성 물질|부식성/독성 흄|자극성, 독성 가스|자극성, 부식성, 독성 가스",,자료없음|자료없음|자료없음|자료없음|New Zealand White rabbit을 대상으로 시험 결과 API 91-01 홍반(erythema) 및 부종(edema) 평균 스코어가 각각 2.56과 1.89로 나타남. API PS-6 은 각각 2.39 및 1.39로 나타남. 이 수치는  Regulation (EC) 1272/2008 on CLP 등에서 피부자극성으로 분류됨. (관련: OECD Guideline 404)|※출처 : ECHA|자료없음|자료없음|자료없음|자료없음|자료없음|자료없음|자료없음|자료없음|자료없음|1B|자료없음|자료없음|** EU CLP: 1B(해당 물질이 중량 비율로 0.1% 미만의 벤젠을 포함하고 있는 경우 본 분류를 적용하지 않음)|자료없음|자료없음|자료없음|삼켰을때 폐 손상 우려|※출처 : EU CLP|자료없음,"해당없음|해당없음|기존화학물질|해당없음|해당없음|해당없음|해당없음|해당없음|해당없음|해당없음|해당없음|해당없음|해당없음|해당없음|해당없음|Carc. Cat. 2; R45/Xn; R65 Muta. Cat. 2; R46|R45, R65, R46|S53, S45",KOSHA_MSDS_API,getChemDetail,2026-06-23 23:22:15.828629+00:00,OK,False
016420,가솔린,,8006-61-9,-40.0,&lt; -40 ℃ (ca. 101.325  other: kPa) |   ※출처 : ECHA,32~210 ℃  |   ※출처 : HSDB,"(304-684 mmHg, 37.8 deg C) |   ※출처 : HSDB",0.7~0.8  (물=1) |   ※출처 : HSDB,1203,3,Ⅱ,F-E,S-E,인화성 액체 : 구분2|생식세포 변이원성 : 구분1B|발암성 : 구분1B|특정표적장기 독성(1회 노출) : 구분3(호흡기 자극)|흡인 유해성 : 구분1,위험,"H225 : 고인화성 액체 및 증기|H304 : 삼켜서 기도로 유입되면 치명적일 수 있음|H335 : 호흡기 자극을 일으킬 수 있음|H340 : 유전적인 결함을 일으킬 수 있음(유전적인 결함을 일으키는 노출 경로를 기재한다. 단, 다른 노출경로에 의해 유전적인 결함을 일으키지 않는다는 결정적인 증거가 있는 경우에 한한다.)|H350 : 암을 일으킬 수 있음(암을 일으키는 노출 경로를 기재한다. 단, 다른 노출경로에 의해 암을 일으키지 않는다는 결정적인 증거가 있는 경우에 한한다.)",,,,"고인화성 액체 및 증기|격렬하게 중합반응하여 화재와 폭발을 일으킬 수 있음|인화점이나 그 이상에서 폭발성 혼합물을 형성할 수 있음|가열시 용기가 폭발할 수 있음|고인화성: 열, 스파크, 화염에 의해 쉽게 점화됨|누출물은 화재/폭발 위험이 있음|실내, 실외, 하수구에서 증기 폭발 위험이 있음|증기는 공기와 폭발성 혼합물을 형성할 수 있음|증기는 자각 없이 현기증 또는 질식을 유발할 수 있음|흡입 및 접촉 시 피부와 눈을 자극하거나 화상을 입힘|열·스파크·화염·고열로부터 멀리하시오 - 금연|자료없음|자극성, 부식성, 독성 가스",,"자료없음|LD50 4820 ㎎/㎏ 실험종 : Rat (OECD Guideline 401, GLP, 유사물질 CAS No.86290-81-5) |※출처 : ECHA|LD50 &gt;2000 ㎎/㎏  실험종 : Rabbit (사망없음. 유사물질. OECD Guideline 402, GLP) |※출처 : ECHA|증기 LC50 &gt;5610 ㎎/㎥  4 hr 실험종 : Rat (OECD Guideline 403, GLP, 유사물질 CAS No.86290-81-5 ) |※출처 : ECHA|토끼를 이용한 피부부식성/자극성 실험결과 자극발견(홍반지수 ca.0.5, 부종지수 ca.0.5부분에서 14일이내에 회복가능한 자극성이 관찰됨,OECD Guideline 404, GLP,유사물질 CAS No.86290-81-5)|※출처 : ECHA|토끼를 이용한 심한눈손상/자극성 실험결과 자극성이 발견되지 않음( 전체자극: ca. 0.2 72시간 내에 회복가능한 자극성이 관찰됨, 결막지수: ca. 0.06 4시간 내에 회복가능한 자극성이 관찰됨,OECD Guideline 405, GLP,유사물질 CAS No.86290-81-5)|※출처 : ECHA|자료없음|기니피그를 이용한 피부과민성 시험결과 과민성이 발견되지 않음(OECD Guideline 406, GLP,유사물질 CAS No.86290-81-5)|※출처 : ECHA|자료없음|1B|자료없음|자료없음|자료없음|자료없음|1B|자료없음|자료없음|시험관 내 포유류 유전자돌연변이시험결과 활성화하지 않고 음성 및 신진 대사 활성화에 양성(OECD Guideline 476, GLP,유사물질 CAS No.68955-35-1), 시험관 미생물을 이용한 복귀돌연변이시험결과 대사활성계 존재시 양성(OECD Guideline 471,유사물질 CAS No.64741-46-4), 시험관 내 박테리아와 효모의 체외 역 유전자 돌연변이 연구결과 대사활동 유무에 상관없이 음성(Method: other: API procedure (see Reference). Similar to OECD test guideline 471,유사물질 CAS No.86290-81-5)
생체내 포유류 골수세포를 이용함 염색체이상시험결과 음성(OECD Guideline 475 ,유사물질 CAS No.86290-81-5), 생체내 포유류 간세포를 이용한 부정기 DNA 합성시험결과 음성(OECD Guideline 486 ,유사물질 CAS No.86290-81-5), 생체내 설치류를 이용한 우성치사시험 결과 음성(OECD Guideline 478, GLP,유사물질 CAS No.86290-81-5)|※출처 : ECHA|생식독성시험결과 생식 기관의 모든 병리학적 변화가 발생하지 않음, 두 세대 수컷 쥐의 신장에서 유리 모양의 방울의 미세한 증거가 있음(NOAEC&gt;= 20000mg/m³ air (nominal))(OECD Guideline 416 ,GLP)(유사물질 CAS No.68514-15-8), 발달독성/최기형성 시험결과 별다른 증상 없음(모체독성 NOAEL=23900 mg/m³ air (analytical), 태아독성 NOAEL=23900 mg/m³ air (analytical))(OECD Guideline 414, GLP)|※출처 : ECHA|경구독성시험결과 묽은 변과 운동 실조(OECD TG 401, GLP,유사물질 CAS No. 86290-81-5 )
경피독성시험결과 지속적 피부자극(OECD TG 402, GLP,유사물질 CAS No.86290-81-5 ), 흡입독성시험결과 약간의 현기증, 메스꺼움과 두통
폐렴 및 신장 질환 |※출처 : ECHA, NITE|반복경구노출시험결과 체중감소, 홍반, 위 점막의 침식을 포함 위 상피 라이닝과 궤양에 변색(유사물질 CAS No.64741-66-8)
반복흡입노출시험결과 쥐(수)의 탄화수소 신 병증의 발생 및 별다른 변화 없음 NOAEC=9840 mg/m³ air (analytical,OECD TG 412 , GLP,유사물질 CAS No.86290-81-5)
반복경피노출시험결과 심각한 용량 의존적 피부 자극, 붉게, 박편, 피부염증, 사망 NOAEL&lt; 200 mg/kg bw/day(OECD TG 410, GLP,유사물질 CAS No.68955-35-1)심장 근육의 과민 반응, 급성 중추 억제, 인간의 호흡 불충분, 혈관의 위축과 괴사, 랫드(수)의 신장독성이 특유의 증상. 발암성 및 흡인 유해성으로 인한 영향과 고용량에서의 영향으로 분류에 적용하지 않음|※출처 : ECHA, NITE|2차 세균성 폐렴 및 폐부증에 의해 복잡화 된 화학 과민성 폐렴은 가장 심각한 흡인의 결과이다. 대부분 16~18시간안에 간혹 흡인 후 24시간이 지난 후에 발생된 출혈 폐부증에 의하여 사망하게 된다|※출처 : 2차 세균성 폐렴 및 폐부증에 의해 복잡화 된 화학 과민성 폐렴은 가장 심각한 흡인의 결과이다. 대부분 16~18시간안에 간혹 흡인 후 24시간이 지난 후에 발생된 출혈 폐부증에 의하여 사망하게 된다|자료없음","특수건강진단대상물질 (진단주기 : 12개월)|공정안전보고서(PSM) 제출 대상물질 |노출기준설정물질|해당없음|기존화학물질|4류 제1석유류(비수용성) (200L)|해당없음|해당없음|해당없음|해당없음|해당없음|해당없음|해당없음|해당없음|해당없음|해당없음|해당없음|Carc. 1B
Muta. 1B
Asp. Tox. 1|H350
H340
H304|해당없음",KOSHA_MSDS_API,getChemDetail,2026-06-23 23:22:15.828629+00:00,OK,False
000957,"수소탈황화된 중질 감압 경유 (석유)(Gas oils (petroleum), hydrodesulfurized heavy vacuum)",,64742-86-5,76.0,&gt; 76 ℃ (o.c.) |   ※출처 : IUCLID,350~600 ℃  |   ※출처 : NITE,"(&gt;0.5 kPa, 20℃) |   ※출처 : IUCLID","1.01-1.07  (g/㎤, 15℃) |   ※출처 : IUCLID",,해당없음,해당없음,해당없음,해당없음,급성 독성(흡입: 분진/미스트) : 구분2|피부 부식성/피부 자극성 : 구분2|발암성 : 구분1B|특정표적장기 독성(1회 노출) : 구분3(호흡기 자극)|특정표적장기 독성(반복 노출) : 구분1|만성 수생환경 유해성 : 구분4,위험,"H315 : 피부에 자극을 일으킴|H330 : 흡입하면 치명적임|H335 : 호흡기 자극을 일으킬 수 있음|H350 : 암을 일으킬 수 있음(암을 일으키는 노출 경로를 기재한다. 단, 다른 노출경로에 의해 암을 일으키지 않는다는 결정적인 증거가 있는 경우에 한한다.)|H372 : 장기간 또는 반복노출 되면 장기(영향을 받는 것으로 알려진 모든 장기를 명시한다.)에 손상을 일으킴(특정표적장기독성(반복노출)을 일으키는 노출 경로를 기재. 단, 다른 노출경로에 의해 특정표적장기독성(반복노출)을 일으키지 않는다는 결정적인 증거가 있는 경우에 한한다.)|H413 : 장기적인 영향에 의해 수생생물에 유해의 우려가 있음",,,,"고온에서 분해되어 독성가스를 생성할 수 있음|가열시 용기가 폭발할 수 있음|일부는 탈 수 있으나 쉽게 점화하지 않음|비인화성, 물질 자체는 타지 않으나 가열시 분해하여 부식성/독성 흄을 발생할 수 있음|열, 스파크, 화염 등 점화원|가연성 물질, 환원성 물질|타는 동안 열분해 또는 연소에 의해 자극적이고 매우 유독한 가스가 발생될 수 있음|부식성/독성 흄|자극성, 독성 가스",,"자료없음|LD50 4320 ㎎/㎏ 실험종 : Rat (OECD Guideline 401 (Acute Oral Toxicity), GLP) |※출처 : ECHA|LD50 &gt;2000 ㎎/㎏  실험종 : Rabbit (사망없음, EU Method B.3 (Acute Toxicity (Dermal),GLP) |※출처 : EHCA|분진 LC50 &gt;320 ㎎/㎥  4 hr 실험종 : Rat (EPA OTS 798.1150 (Acute inhalation toxicity),GLP) |※출처 : ECHA|뉴질랜드 하얀 토끼를 대상으로 한 피부부식정/자극성 시험결과 약간자극성 (EU Method B.4 (Acute Toxicity: Dermal Irritation / Corrosion),GLP) |※출처 : ECHA|토끼를 대상으로 눈 손상성/자극성 시험 결과 눈 자극성 물질 아님  (EU Method B.5(Draize test)) |※출처 : ECHA|자료없음|기니피그(수)를 이용한 피부과민성 시험결과 자극없음 (EU Method B.6 (Skin Sensitisation),GLP)|※출처 : ECHA|자료없음|자료없음|자료없음|자료없음|자료없음|자료없음|1B|자료없음|자료없음|in vitro 포유류 배양세포를 이용한 유전자돌연변이시험 양성 (OECD Guideline 476,GLP)
in vitro 포유류 정원세포를 이용한 자매염색체교환(SCE) 음성 (OECD Guideline 479 ,GLP)
 in vivo 포유류 골수세포를 이용한 염색체이상시험 음성 (OECD Guideline 475)|※출처 : ECHA|랫드를 이용한 발달독성 시험결과, 모성 및 발달독성 NOAEL(P,F1) =&lt; 75 mg/kg bw/day 치료부위에 어떤 자극이 없음 (EPA OTS 798.4900 (Prenatal Developmental Toxicity Study),GLP)|※출처 : ECHA|랫드를 이용한 급성호흡독성시험결과 호흡곤란, 털에 갈색물질, 랫드(암/수) LC50 &gt; 320 mg/m³ air 4h (EPA OTS 798.1150 (Acute inhalation toxicity)), GLP)|※출처 : ECHA|뉴질랜드 토끼(암/수)을 대상으로한 피부 90일 반복 투여 독성 시험결과 호흡곤란, 사망, 간헐적자극(홍반에 약간의 자극), 운동장애, 감기 등 (EPA OPPTS 870.3250 (Subchronic Dermal Toxicity 90 Days),GLP)|※출처 : ECHA|자료없음|자료없음",해당없음|해당없음|기존화학물질|해당없음|지정폐기물|해당없음|해당없음|해당없음|해당없음|해당없음|해당없음|해당없음|해당없음|해당없음|해당없음|Carc. 1B|H350|해당없음,KOSHA_MSDS_API,getChemDetail,2026-06-23 23:22:15.828629+00:00,OK,False
016476,탈취 등유(DEODORIZED KEROSENE),,8020-83-5,195.0,195 ℃|   ※출처 : (The Chemical Database),177~274 ℃  |   ※출처 : (안전보건정보서비스),자료없음,0.845   |   ※출처 : (The Chemical Database),,해당없음,해당없음,해당없음,해당없음,급성 수생환경 유해성 : 구분1|만성 수생환경 유해성 : 구분1,경고,H400 : 수생생물에 매우 유독함|H410 : 장기적인 영향에 의해 수생생물에게 매우 유독함,,,,"가열시 용기가 폭발할 수 있음|일부는 탈 수 있으나 쉽게 점화하지 않음|화재시 자극성, 독성 가스를 발생할 수 있음|열|자료없음|자극성, 독성 가스",,자료없음|자료없음|자료없음|자료없음|경자극|※출처 : (TOMES;RTECS)|중자극|※출처 : (TOMES;RTECS)|자료없음|자료없음|자료없음|자료없음|자료없음|자료없음|자료없음|자료없음|자료없음|자료없음|자료없음|자료없음|자료없음|자료없음|자료없음|자료없음|자료없음,해당없음|해당없음|해당없음|4류 제3석유류(비수용성액체) (2000ℓ)|해당없음|해당없음|해당없음|해당없음|해당없음|해당없음|해당없음|해당없음|해당없음|해당없음|해당없음|해당없음|해당없음|해당없음,KOSHA_MSDS_API,getChemDetail,2026-06-23 23:22:15.828629+00:00,OK,False
001008,벤젠,,71-43-2,-11.0,-11 ℃|   ※출처 : ICSC,80 ℃|   ※출처 : ChemIDplus,10 ㎪(20℃)|   ※출처 : ECHA,0.877 (20 ℃)|   ※출처 : ECHA,1114,3,Ⅱ,F-E,S-D,인화성 액체 : 구분2|피부 부식성/피부 자극성 : 구분2|심한 눈 손상성/눈 자극성 : 구분2|생식세포 변이원성 : 구분1A|발암성 : 구분1B|특정표적장기 독성(반복 노출) : 구분1|흡인 유해성 : 구분1|만성 수생환경 유해성 : 구분2,위험,"H225 : 고인화성 액체 및 증기|H304 : 삼켜서 기도로 유입되면 치명적일 수 있음|H315 : 피부에 자극을 일으킴|H319 : 눈에 심한 자극을 일으킴|H340 : 유전적인 결함을 일으킬 수 있음(유전적인 결함을 일으키는 노출 경로를 기재한다. 단, 다른 노출경로에 의해 유전적인 결함을 일으키지 않는다는 결정적인 증거가 있는 경우에 한한다.)|H350 : 암을 일으킬 수 있음(암을 일으키는 노출 경로를 기재한다. 단, 다른 노출경로에 의해 암을 일으키지 않는다는 결정적인 증거가 있는 경우에 한한다.)|H372 : 장기간 또는 반복노출 되면 장기(영향을 받는 것으로 알려진 모든 장기를 명시한다.)에 손상을 일으킴(특정표적장기독성(반복노출)을 일으키는 노출 경로를 기재. 단, 다른 노출경로에 의해 특정표적장기독성(반복노출)을 일으키지 않는다는 결정적인 증거가 있는 경우에 한한다.)|H411 : 장기적인 영향에 의해 수생생물에게 유독함",,,,"고인화성 액체 및 증기|격렬하게 중합반응하여 화재와 폭발을 일으킬 수 있음|인화점이나 그 이상에서 폭발성 혼합물을 형성할 수 있음|가열시 용기가 폭발할 수 있음|고인화성: 열, 스파크, 화염에 의해 쉽게 점화됨|누출물은 화재/폭발 위험이 있음|실내, 실외, 하수구에서 증기 폭발 위험이 있음|증기는 공기와 폭발성 혼합물을 형성할 수 있음|증기는 점화원까지 이동하여 역화(flash back)할 수 있음|증기는 자각 없이 현기증 또는 질식을 유발할 수 있음|흡입 및 접촉 시 피부와 눈을 자극하거나 화상을 입힘|흡입 및 피부 흡수 시 독성이 있을 수 있음|열,고온의 표면,스파크,화염 및 그 밖의 점화원으로부터 멀리하시오.금연|자료없음|타는 동안 열분해 또는 연소에 의해 자극적이고 매우 유독한 가스가 발생될 수 있음",,"자료없음|LD50 &gt;2000 ㎎/㎏  실험종 : Rat (랫드수, OECD TG 401) |※출처 : ECHA|LD50 &gt;8260 ㎎/㎏  실험종 : Rabbit ((OECD TG 402)) |※출처 : ECHA|증기 LC50 10000 ppm 7 hr 실험종 : Rat (OECD TG 403) |※출처 : ChemIDplus|토끼를 대상으로 피부부식성/자극성 시험 결과, 자극성있음 OECD TG 404 |※출처 : OECD ECHA|토끼를 대상으로 눈손상성/자극성 시험 결과, 자극성있음 OECD|※출처 :  ECHA|자료없음|마우스와 기니피그를 이용한 피부과민성 시험 결과, 과민성 없음 |※출처 : ECHA|자료없음|1A|1|자료없음|A1|K|1B|자료없음|자료없음|시험관 내 미생물을 이용한 복귀돌연변이시험 결과, 매우 약한 양성 효과를 나타냄 OECD TG 471
시험관 내 미생물을 이용한 복귀돌연변이시험 결과, 음성 효과를 나타냄 OECD TG 471
시험관 내 호유류 배양세포를 이용한 염색체이상 시험 결과, 양성 효과를 나타냄 OECD TG 473, OECD TG 479
생체 내 랫드를 이용한 포유류 적혈구 소핵시험 결과, Single low dose = 3.2mg/m3 OECD TG 474
생체 내 포유류 골수세포를 이용한 염색체 이상시험 결과, 양성 효과를 나타냄320mg/m3 OECD TG 475 
* 산업안전보건법 특별관리물질생식세포 변이원성 * 고용노동부고시 1B |※출처 : OECD, ECHA|○발달독성 :  
(모체독성) 토끼의 경우 자연낙태가 관찰보고됨
(발달독성) 500ppm농도로 7hr/day 노출 시 태아의 crown to rump길이 감소 및 골격의 지연성장이 보고됨. 또한 CFLP 생쥐와 NZ토끼를 대상으로 24HOUR/DAY조건으로 6~15일간 154, 308ppm의 농도로 노출 시 모체의 양수와 태아의 혈액에서 벤젠 검출되었으며 308ppm농도에서 태아의 골격지연성장이 관찰됨. 이를 통해 구분 2로 분류
○최기형성
랫드를 이용한 흡입발달독성 시험 결과, 최고농동에서 기형발생에 대한 증거가 관찰되지 않음. NOAEC = 32 mg/m3 air (OECD TG 414, GLP)

|※출처 : ACGIH|자료없음|사람에서 골수의 형성 부전, 과형성 또는 혈구 감소증, 혈액 독성, 재생 불량성 빈혈 에 의한 사망예가 보고됨, 횡단성 척수염, 빈발성 두통, 피로감, 수면 장해 및 기억 장해, 백혈구 및 적혈구 수의 감소, 평균 적혈구 용적의 증가가 나타남, 실험동물에서 순환 적혈구와 호중구의 형태 이상, 비장 유핵세포, 순환 적혈구 및 임파구수의 감소 , 백혈구수 감소, 골수 세포 충실성의 감소, 골수 다능성간세포수의 감소, 적혈구, 백 혈구, 임파구, 적혈구 용적률 감소, 평균 적혈구 용적의 증가가 나타남 · 랫드암컷를 이용한 반복경구 발달독성 시험결과, 혈관계에서의 유해 영향이 관찰됨. (NOAEL수컷=200 mg/kg bw/day, LOAEL암컷 = 25 mg/kg bw/day) (OECD TG 408, GLP) · 랫드암컷를 이용한 반복흡입 발달독성 시험결과, 혈액학적 영향, 갑상선, 골수, 비장, 난소, 정소의 조직병리이상 관찰. (NOAEC = 96 mg/kg bw/day) (OECD TG 412,413, GLP) 
※표적장기: 혈관계|※출처 : ECHA NLM|액체를 삼키면 화학성 폐렴을 일으킬 위험이 있음 NLM, 점도 0.609 cP at 25℃|※출처 : HSDB|자료없음","작업환경측정대상물질 (측정주기 : 6개월)|관리대상유해물질 |특수건강진단대상물질 (진단주기 : 6개월)|특별관리물질 |공정안전보고서(PSM) 제출 대상물질 |노출기준설정물질|허용기준설정물질|사고대비물질 |인체만성유해성물질|기존화학물질 |인체만성유해성물질 |중점관리물질|제4류 인화성액체 제1석유류 비수용성액체 (200L)|지정폐기물|해당없음|해당없음|해당없음|4.53599kg (10lb)|해당없음|해당없음|해당됨|해당없음|해당없음|해당없음|Flam. Liq. 2
Carc. 1A
Muta. 1B
Asp. Tox. 1
STOT RE 1
Skin Irrit. 2
Eye Irrit. 2|H225
H350
H340
H304
H372 **
H315
H319|해당없음",KOSHA_MSDS_API,getChemDetail,2026-06-23 23:22:15.828629+00:00,OK,False
001032,톨루엔,,108-88-3,4.0,4 ℃|   ※출처 : HSDB,110.6 ℃|   ※출처 : HSDB,28.4 ㎜Hg(25℃)|   ※출처 : HSDB,0.8623 (g/cu cm at 20℃)|   ※출처 : HSDB,1294,3,Ⅱ,F-E,S-D,인화성 액체 : 구분2|피부 부식성/피부 자극성 : 구분2|생식독성 : 구분2|특정표적장기 독성(1회 노출) : 구분3(마취영향)|특정표적장기 독성(반복 노출) : 구분2|흡인 유해성 : 구분1,위험,"H225 : 고인화성 액체 및 증기|H304 : 삼켜서 기도로 유입되면 치명적일 수 있음|H315 : 피부에 자극을 일으킴|H336 : 졸음 또는 현기증을 일으킬 수 있음|H361 : 태아 또는 생식능력에 손상을 일으킬 것으로 의심됨(알려진 특정한 영향을 명시한다.)(생식독성을 일으키는 노출 경로를 기재한다. 단, 다른 노출경로에 의해 생식독성을 일으키지 않는다는 결정적인 증거가 있는 경우에 한한다.)|H373 : 장기간 또는 반복노출 되면 장기(영향을 받는 것으로 알려진 모든 장기를 명시한다.)에 손상을 일으킬 수 있음(특정표적장기독성(반복노출)을 일으키는 노출 경로를 기재. 단, 다른 노출경로에 의해 특정표적장기독성(반복노출)을 일으키지 않는다는 결정적인 증거가 있는 경우에 한한다.)",,,,"고인화성 액체 및 증기|격렬하게 중합반응하여 화재와 폭발을 일으킬 수 있음|인화점이나 그 이상에서 폭발성 혼합물을 형성할 수 있음|가열시 용기가 폭발할 수 있음|고인화성: 열, 스파크, 화염에 의해 쉽게 점화됨|누출물은 화재/폭발 위험이 있음|실내, 실외, 하수구에서 증기 폭발 위험이 있음|증기는 공기와 폭발성 혼합물을 형성할 수 있음|증기는 점화원까지 이동하여 역화(flash back)할 수 있음|증기는 자각 없이 현기증 또는 질식을 유발할 수 있음|흡입 및 접촉 시 피부와 눈을 자극하거나 화상을 입힘|흡입 및 피부 흡수 시 독성이 있을 수 있음|열·스파크·화염·고열로부터 멀리하시오 - 금연|자료없음|타는 동안 열분해 또는 연소에 의해 자극적이고 매우 유독한 가스가 발생될 수 있음",,"자료없음|LD50 5580 ㎎/㎏ 실험종 : Rat (EU Method B.1) |※출처 : ECHA|LD50 &gt;5000 ㎎/㎏  실험종 : Rabbit|※출처 : ECHA|증기 LC50 &gt;20 ㎎/ℓ  실험종 : Rat (OECD TG 403) |※출처 : ECHA|토끼를 이용한 피부자극성시험결과, 홍반, 부종 자극이 7마리 모두에서 관찰되었으며, 중등정도의 자극성이 나타남 EU Method B4.|※출처 : ECHA|토끼를 이용한 눈 자극성시험결과 약한 자극이 관찰되고 그 외 영향은 관찰되지 않음|※출처 : ECHA|자료없음|※출처 :|기니피그를 이용한 maximization test 시험결과, 피부과민반응을 나타나지않음 EU Method B.6, GLP |※출처 : ECHA|자료없음|자료없음|3|자료없음|A4|자료없음|자료없음|자료없음|자료없음|시험관 내 포유류 배양세포를 이용한 유전자돌연변이시험결과OECD TG 476, 미생물을 이용한 복귀돌연변이 시험결과EU Method B.13/14, 대사활성계 유무에 상관없이 음성, 생체 내 염색체이상시험결과 음성|※출처 : ECHA|랫드를 이용한 생식독성시험 결과 2000ppm(7537 mg/m3)에서 정자수 및 부고환 감소로 NOAEC(P) 600ppm(2261mg/m3)|※출처 : ECHA|사람에서 중추신경계에 작용, 피로감, 졸음, 현기증, 호흡기계에 자극, 흥분, 구토, 중추신경계 억제, 정신착란, 보행 이상 등을 일으킴. 눈, 코, 목에 자극을 일으킴. 실험동물에서 마취작용을 일으킴. 표적장기: 중추신경계|※출처 : HSDB|랫드를 이용한 90일 반복경구독성시험 EU method B.26결과 절대 또는 상대 간무게 증가로 NOAEL 625 mg/kg bw/day 
랫드 이용한 103주 흡입발암성시험 OECD TG453, GLP 결과 비강 상피의 국소독성으로 NOAEC 600 ppm2250mg/m3 
랫드 이용한 90일 흡입반복독성시험 EU method B.29, GLP 결과 임상증상, 체중변화, 장기무게뇌, 심장, 폐, 수컷의 상대 정소무게 및 혈액학적 변화백혈구 감소, Plasma chollinesterase acitivity 감소로 NOAEC 625 ppm2355 mg/m3 |※출처 : ECHA|흡인유해성: 탄화수소이며, 40 ℃에서 동점도 20.5 mm2 / s 이하|자료없음","작업환경측정대상물질 (측정주기 : 6개월)|관리대상유해물질 |특수건강진단대상물질 (진단주기 : 12개월)|공정안전보고서(PSM) 제출 대상물질 |노출기준설정물질|허용기준설정물질|사고대비물질|기존화학물질|4류 제1석유류(비수용성) (200L)|지정폐기물|해당없음|해당없음|해당없음|453.599kg (1000lb)|해당없음|해당없음|해당됨|해당없음|해당없음|해당없음|Flam. Liq. 2
Repr. 2
Asp. Tox. 1
STOT SE 3
STOT RE 2 *
Skin Irrit. 2|H225
H361d ***
H304
H336
H373 **
H315|해당없음",KOSHA_MSDS_API,getChemDetail,2026-06-23 23:22:15.828629+00:00,OK,False
001077,크실렌,,1330-20-7,30.0,(*통일화 사업 : ① o-Xylene 30℃(Closed cup)/ p-Xylene 25℃(Closed cup) / ③ m-Xylene 25℃(closed cup)) |   ※출처 : ICSC,138 ℃|   ※출처 : ICSC,8.84 ㎜Hg(25℃)|   ※출처 : SRC,0.864 |   ※출처 : ICSC,1307,3,Ⅲ,F-E,S-D,인화성 액체 : 구분3|급성 독성(흡입: 증기) : 구분4|피부 부식성/피부 자극성 : 구분2|심한 눈 손상성/눈 자극성 : 구분2|생식독성 : 구분2|특정표적장기 독성(1회 노출) : 구분3(마취영향)|특정표적장기 독성(1회 노출) : 구분3(호흡기 자극)|특정표적장기 독성(반복 노출) : 구분2|흡인 유해성 : 구분1,위험,"H226 : 인화성 액체 및 증기|H304 : 삼켜서 기도로 유입되면 치명적일 수 있음|H315 : 피부에 자극을 일으킴|H319 : 눈에 심한 자극을 일으킴|H332 : 흡입하면 유해함|H335 : 호흡기 자극을 일으킬 수 있음|H336 : 졸음 또는 현기증을 일으킬 수 있음|H361 : 태아 또는 생식능력에 손상을 일으킬 것으로 의심됨(알려진 특정한 영향을 명시한다.)(생식독성을 일으키는 노출 경로를 기재한다. 단, 다른 노출경로에 의해 생식독성을 일으키지 않는다는 결정적인 증거가 있는 경우에 한한다.)|H373 : 장기간 또는 반복노출 되면 장기(영향을 받는 것으로 알려진 모든 장기를 명시한다.)에 손상을 일으킬 수 있음(특정표적장기독성(반복노출)을 일으키는 노출 경로를 기재. 단, 다른 노출경로에 의해 특정표적장기독성(반복노출)을 일으키지 않는다는 결정적인 증거가 있는 경우에 한한다.)",,,,자료없음|자료없음|자료없음|타는 동안 열분해 또는 연소에 의해 자극적이고 매우 유독한 가스가 발생될 수 있음,,,"작업환경측정대상물질 (측정주기 : 6개월)|관리대상유해물질 |특수건강진단대상물질 (진단주기 : 12개월)|공정안전보고서(PSM) 제출 대상물질 |노출기준설정물질|해당없음|기존화학물질 |중점관리물질|4류 제2석유류(비수용성) (1000L)|지정폐기물|해당없음|해당없음|해당없음|45.3599kg (100lb)|해당없음|해당없음|해당됨|해당없음|해당없음|해당없음|Flam. Liq. 3
Acute Tox. 4 *
Acute Tox. 4 *
Skin Irrit. 2|H226
H332
H312
H315|해당없음",KOSHA_MSDS_API,getChemDetail,2026-06-23 23:22:15.828629+00:00,OK,False
001027,스티렌,,100-42-5,31.0,31 ℃|   ※출처 : ICSC,145 ℃|   ※출처 : ICSC,0.67 ㎪(20℃)|   ※출처 : ICSC,0.91 (물=1)|   ※출처 : ICSC,2055,3,Ⅲ,F-E,S-D,인화성 액체 : 구분3|급성 독성(흡입: 증기) : 구분4|피부 부식성/피부 자극성 : 구분2|심한 눈 손상성/눈 자극성 : 구분2|발암성 : 구분2|생식독성 : 구분2|특정표적장기 독성(1회 노출) : 구분3(호흡기 자극)|특정표적장기 독성(반복 노출) : 구분1|흡인 유해성 : 구분1,위험,"H226 : 인화성 액체 및 증기|H304 : 삼켜서 기도로 유입되면 치명적일 수 있음|H315 : 피부에 자극을 일으킴|H319 : 눈에 심한 자극을 일으킴|H332 : 흡입하면 유해함|H335 : 호흡기 자극을 일으킬 수 있음|H351 : 암을 일으킬 것으로 의심됨(암을 일으키는 노출 경로를 기재한다. 단, 다른 노출경로에 의해 암을 일으키지 않는다는 결정적인 증거가 있는 경우에 한한다.)|H361 : 태아 또는 생식능력에 손상을 일으킬 것으로 의심됨(알려진 특정한 영향을 명시한다.)(생식독성을 일으키는 노출 경로를 기재한다. 단, 다른 노출경로에 의해 생식독성을 일으키지 않는다는 결정적인 증거가 있는 경우에 한한다.)|H372 : 장기간 또는 반복노출 되면 장기(영향을 받는 것으로 알려진 모든 장기를 명시한다.)에 손상을 일으킴(특정표적장기독성(반복노출)을 일으키는 노출 경로를 기재. 단, 다른 노출경로에 의해 특정표적장기독성(반복노출)을 일으키지 않는다는 결정적인 증거가 있는 경우에 한한다.)",,,,"인화성 액체 및 증기|격렬하게 중합반응하여 화재와 폭발을 일으킬 수 있음|인화점이나 그 이상에서 폭발성 혼합물을 형성할 수 있음|가열시 용기가 폭발할 수 있음|고인화성: 열, 스파크, 화염에 의해 쉽게 점화됨|누출물은 화재/폭발 위험이 있음|실내, 실외, 하수구에서 증기 폭발 위험이 있음|증기는 공기와 폭발성 혼합물을 형성할 수 있음|증기는 자각 없이 현기증 또는 질식을 유발할 수 있음|흡입 및 접촉 시 피부와 눈을 자극하거나 화상을 입힘|자료없음|자료없음|타는 동안 열분해 또는 연소에 의해 자극적이고 매우 유독한 가스가 발생될 수 있음",,"점막,눈,피부로 흡수되어 전신 영향을 일으킬 수 있는 물질(고용부고시 제2018-24호;skin)|LD50 5000 ㎎/㎏ 실험종 : Rat (ca.(대략)) |※출처 : ECHA|LD50 &gt;2000 ㎎/㎏  실험종 : Rat|※출처 : ECHA|증기 LC50 11.8 ㎎/ℓ 4 hr 실험종 : Rat|※출처 : ECHA|피부에 물집 및 탈모 등 중등정도의 자극성|※출처 : ECHA|토끼 눈에 약간 감염, 결막자극 영향이 관찰됨|※출처 : ECHA|자료없음|※출처 :|기니피그를 이용한 maximization test 결과 비과민성|※출처 : ECHA|자료없음|2|2B|자료없음|A4|R|자료없음|자료없음|자료없음|양성: 시험관내(in vitro) 시험(복귀돌연변이시험)
양성: 시험관내(in vitro) 시험(염색체이상시험, human
lymphocyte)
음성: 생체내(in vivo) 시험(소핵시험, mouse)
음성: 생체내(in vivo) 시험(unscheduled DNA synthesis(UDS),
mouse)|※출처 : 화학물질정보처리시스템|태한 햄스터를 대상으로 경구: 23, 58, 80, 90, 100, 110 μmol/kg (3.98 to 19.0 mg/kg), 정맥 내 : 11, 17, 23 μmol/kg (1.90 to 3.98 mg/kg)의 농도로 발달 독성/최기형성 시험(경구 및 정맥내 주사)결과, 8일간 단 한번 노출 시 높은 농도에서 사망/혼수/체중 감소 등의 모체독성이 관찰되었음, 90 μmol/kg이상의 농도에서는 기형 태아 비율이 증가하였음, 흡수율은 100 μmol/|호흡기계 자극, 중추신경계 영향, 폐 자극이 나타남 표적장기 : 중추신경계|※출처 : IPCS, HSDB, IARC|마우스를 이용한 반복경구독성시험결과 100 mg/kg bw/day이상에서 3마리에서 세기관지말단 상피세포에 영향 관찰, 100 또는 200 mg/kg군에서 말단 기관지에서 s-phrase세포의 빈도가 유의하게 증가 NOAEL=10 mg/kg bw/day
마우스를 이용한 13주 반복흡입독성시험GLP 결과 암컷 150ppm군에서 5마리, 수컷 200ppm군에서 2마리에서 간 조직병리 이상증상감염, 섬유화 및 간세포 손실이 관찰됨. 모든 노출군에서 비강이상, 100ppm이상에서 폐에 이상이 관찰됨. NOAEC=0.21 mg/L, 랫드를 이용한 13주 반복흡입독성시험 결과 고농도 800ppm에서의 청력손실로 이독성에 대한 NOAEL=200 ppm
|※출처 : ECHA|탄화수소. 액체를 삼키면 오연에 의해 화학성 폐렴을 일으킬 수 있음. 동점성률 0.696 mPa/s 25 ℃
|※출처 : 탄화수소. 액체를 삼키면 오연에 의해 화학성 폐렴을 일으킬 수 있음. 동점성률 0.696 mPa/s 25 ℃|자료없음","작업환경측정대상물질 (측정주기 : 6개월)|관리대상유해물질 |특수건강진단대상물질 (진단주기 : 12개월)|공정안전보고서(PSM) 제출 대상물질 |노출기준설정물질|허용기준설정물질|인체만성유해성물질|기존화학물질 |인체만성유해성물질 |중점관리물질|4류 제2석유류(비수용성) (1000L)|해당없음|해당없음|해당없음|해당없음|453.599kg (1000lb)|해당없음|해당없음|해당됨|해당없음|해당없음|해당없음|Flam. Liq. 3
Repr. 2
Acute Tox. 4 *
STOT RE 1
Skin Irrit. 2
Eye Irrit. 2|H226
H361d
H332
H372 (hearing organs)
H315
H319|해당없음",KOSHA_MSDS_API,getChemDetail,2026-06-23 23:22:15.828629+00:00,OK,False
001151,메틸 알코올,,67-56-1,11.11,11.11 ℃|   ※출처 : NIOSH pocket guide,65 ℃|   ※출처 : ICSC,"127 ㎜Hg(25℃)|   ※출처 : HSDB,CHemIDplus","0.79 (물=1, 20℃)|   ※출처 : ECHA",1230,3,Ⅱ,F-E,S-D,인화성 액체 : 구분2|급성 독성(경구) : 구분3|급성 독성(경피) : 구분3|급성 독성(흡입: 증기) : 구분3|특정표적장기 독성(1회 노출) : 구분1,위험,"H225 : 고인화성 액체 및 증기|H301 : 삼키면 유독함|H311 : 피부와 접촉하면 유독함|H331 : 흡입하면 유독함|H370 : 장기(영향을 받는 것으로 알려진 모든 장기를 명시한다.)에 손상을 일으킴(특정표적장기독성(1회노출)을 일으키는 노출 경로를 기재. 단, 다른 노출경로에 의해 특정표적장기독성(1회노출)을 일으키지 않는다는 결정적인 증거가 있는 경우에 한한다.)",,,,"고인화성 액체 및 증기|고온에서 분해되어 독성가스를 생성할 수 있음|격렬하게 중합반응하여 화재와 폭발을 일으킬 수 있음|인화점이나 그 이상에서 폭발성 혼합물을 형성할 수 있음|가열시 용기가 폭발할 수 있음|고인화성: 열, 스파크, 화염에 의해 쉽게 점화됨|누출물은 화재/폭발 위험이 있음|실내, 실외, 하수구에서 증기 폭발 및 유독 위험이 있음|증기는 공기와 폭발성 혼합물을 형성할 수 있음|증기는 점화원까지 이동하여 역화(flash back)할 수 있음|증기는 자각 없이 현기증 또는 질식을 유발할 수 있음|흡입, 섭취 및 피부 흡수 시 치명적일 수 있음|열,고온의 표면,스파크,화염 및 그 밖의 점화원으로부터 멀리하시오.금연|자료없음|자극성, 부식성, 독성 가스",,"자료없음|LD50 100 ㎎/㎏ 실험종 : Rat (rat (분류 시 ECHA 및 NCIS에서는 구분3으로 분류하고 있으므로 이에 따름)) |※출처 : 국립환경과학원 NCIS|LD50 300 ㎎/㎏ 실험종 : Rabbit (분류 시 ECHA 및 NCIS에서는 구분3으로 분류하고 있으므로 이에 따름) |※출처 : ECHA|증기 LC50 82.1 ㎎/ℓ 6 hr 실험종 : Rat (암컷,(6시간자료를 분류에 적용하기에는 불충분 하나  ECHA 및 CLP에서는 구분3으로 분류하고 있으므로 이에 따름)) |※출처 : ECHA, EU CLP|토끼를 이용한 피부부식성/자극성시험결과, 비자극성 홍반지수=0, 부종지수=0 |※출처 : ECHA|보통자극성 [Standard Draize test] : 40mg/kg(rabbit)|※출처 : 화학물질정보처리시스템|자료없음|&amp;#39;기니피그를 이용한 피부 감 작성 시험 (Magnusson-Kligman maximization test)에서 민감성은 없음|※출처 : ECHA|자료없음|자료없음|자료없음|자료없음|자료없음|자료없음|자료없음|자료없음|자료없음|시험관 내 미생물을 이용한 복귀돌연변이시험결과OECD TG 471, 대사활성계 유무와 상관없이 음성, 시험관 내 포유류 배양세포를 이용한 유전자돌연변이시험결과OECD TG 476, 대사활성계 유무와 상관없이 음성 / 생체 내 포유류 적혈구를 이용한 소핵시험결과OECD TG 474, 음성 |※출처 : ECHA|1)생식독성의 경우 통계적으로 의미있지 않은 약간의 정자형태의 이상 보고됨 (ECHA) 
2) 발달독성의 경우, 엽산의 불충분한 공급 환경하에서 태아의 평균체중 및 태아 머리끝에서 엉덩이 돌출부위까지의 길이가 감소 보고되나, 통계적으로 유의미하다고 판단하기 힘듦(ECHA)
 또한,사람에 대한 자료는 부족하지만 동물시험의 결과 명확한 증거를 고려할 때 노출이 높으면, 메탄올이 태아 발달에 악영향을 미칠 수 있다고 보도됨 (NTP-CERHR) 
3) 최기형성의 경우, 엽산공급이 충분한 상태에서 일부 최기형성 발생효과(구개열 및 태아뇌증)를 보여주나, 통계적으로 유의미하지 않음 
4) 또한, 사람을 대상으로 하는 역학연구에서, 구개열을 가진 태아에 대한 케이스는 보고되나, 분류에 적용하기에는 불충분함 (메탄올 노출에 따른 연관성 측면에서 통계적으로 유의미하지 않음)
5) 상기의 데이터 종합할때 분류에 적용하기에 불충분함|※출처 : ECHA|※출처 : NTP-CERHR|○ 사람에게서 중추신경계 및 시각 장해를 일으킬 수 있음. 또한 대사성 산증을 일으킬 수 있음 EHC 급성흡입시험결과, 시신경 위축을 동반한 실명이 보고됨조건은 정확하지 않음. 이러한 병변으로부터의 회복은 관찰됨 / 급성흡입시험결과, 죽은 동물의 부검에서 심장팽창, 폐부종 관찰됨 

○경구노출 시, 
신경계에서는  두통, 현기증, 동요, 급성 조증, 기억 상실, 혼수 상태 등의 의식 수준 감소 및 발작 관찰 보고됨
위장부에서는 메스꺼움, 구토, 식욕 부진 (식욕 부진), 심한 복통, 위장관 출혈 (출혈), 설사, 간 기능 이상 및 췌장 염증 (췌장염)
시각관련하여서는  시각 장애, 흐린 시력, 빛에 대한 민감성 , 시각적 환각 (안개 효과, 플래시 등), 시력의 부분적 또는 전체적 상실, 눈의 통증. 육안 검사에서 비정상적인 결과가 발견 될 수 있으며, 고정 확장 동공은 메탄올에 심각한 노출의 징후임
또한, 기타 전해질 불균형. 중증 중독으로 신부전, 소변의 혈액 (혈뇨) 및 세포 수준의 근육 사멸 (횡문근 융해)이보고되며, 치명적인 노출의 경우 빈맥/서맥 증상 보고됨
※표적장기 : 중추신경,시신경, 위장,신장|※출처 : ECHA,NIOSH|작업장에서의 메탄올 만성노출은 세포 및 혈중 메탄올 농도를 증가시키며, 두통, 불면증 시각 흐림 및 실명을 유발할 수 있다고 보고됨. ※표적장기 : 시신경, 혈액
그러나 영장류에서는 건강에 해로운 영향을 미칠 수있는 메탄올의 가능성이 나타 났지만 설치류에서는 독성 학적으로 무관 한 영향 만 나타나기에 관련 자료를 분류에 적용하기에 불충분하다고 판단됨(ECHA)|※출처 : ACGIH Documentation|※출처 : ECHA 등록자료|자료없음|자료없음","작업환경측정대상물질 (측정주기 : 6개월)|관리대상유해물질 |특수건강진단대상물질 (진단주기 : 12개월)|공정안전보고서(PSM) 제출 대상물질 |노출기준설정물질|허용기준설정물질|사고대비물질 |인체급성유해성물질|기존화학물질 |인체급성유해성물질|4류 알코올류 (400L)|지정폐기물|해당없음|해당없음|해당없음|2267.995kg (5000lb)|해당없음|해당없음|해당됨|해당없음|해당없음|해당없음|Flam. Liq. 2
Acute Tox. 3 *
Acute Tox. 3 *
Acute Tox. 3 *
STOT SE 1|H225
H331
H311
H301
H370 **|해당없음",KOSHA_MSDS_API,getChemDetail,2026-06-23 23:22:15.828629+00:00,OK,False
000034,에탄올,,64-17-5,13.0,13 ℃(c.c.)|   ※출처 : HSDB,78.5 ℃|   ※출처 : HSDB,5.8 ㎪(20 ℃)|   ※출처 : ICSC,0.79 (공기=1)|   ※출처 : ICSC,1170,3,Ⅱ,F-E,S-D,인화성 액체 : 구분2|심한 눈 손상성/눈 자극성 : 구분2|발암성 : 구분1A|특정표적장기 독성(1회 노출) : 구분3(마취영향)|특정표적장기 독성(반복 노출) : 구분2,위험,"H225 : 고인화성 액체 및 증기|H319 : 눈에 심한 자극을 일으킴|H336 : 졸음 또는 현기증을 일으킬 수 있음|H350 : 암을 일으킬 수 있음(암을 일으키는 노출 경로를 기재한다. 단, 다른 노출경로에 의해 암을 일으키지 않는다는 결정적인 증거가 있는 경우에 한한다.)|H373 : 장기간 또는 반복노출 되면 장기(영향을 받는 것으로 알려진 모든 장기를 명시한다.)에 손상을 일으킬 수 있음(특정표적장기독성(반복노출)을 일으키는 노출 경로를 기재. 단, 다른 노출경로에 의해 특정표적장기독성(반복노출)을 일으키지 않는다는 결정적인 증거가 있는 경우에 한한다.)",,,,"고인화성 액체 및 증기|격렬하게 중합반응하여 화재와 폭발을 일으킬 수 있음|인화점이나 그 이상에서 폭발성 혼합물을 형성할 수 있음|가열시 용기가 폭발할 수 있음|고인화성: 열, 스파크, 화염에 의해 쉽게 점화됨|누출물은 화재/폭발 위험이 있음|실내, 실외, 하수구에서 증기 폭발 위험이 있음|증기는 공기와 폭발성 혼합물을 형성할 수 있음|증기는 점화원까지 이동하여 역화(flash back)할 수 있음|증기는 자각 없이 현기증 또는 질식을 유발할 수 있음|흡입 및 접촉 시 피부와 눈을 자극하거나 화상을 입힘|열·스파크·화염·고열로부터 멀리하시오 - 금연|자료없음|타는 동안 열분해 또는 연소에 의해 자극적이고 매우 유독한 가스가 발생될 수 있음",,"자료없음|LD50 7060 ㎎/㎏ 실험종 : Rat (OECD Guideline 401) |※출처 : ECHA|자료없음|증기 LC50 116.9 ㎎/ℓ 4 hr 실험종 : Rat (OECD Guideline 403) |※출처 : ECHA|래빗를 이용한 피부부식성/자극성 시험결과 자극성이 발생하지 않음(OECE Guideline 404, GLP)|※출처 : ECHA|래빗을 이용한 심한눈손상/자극성 시험결과 결막염, 결막 부종, 홍채 손상, 각막손상이 발생함(결막 지수 : 2.1, 홍채 지수 : 0.44 결막부종지수:1.3 각막지수 :1.1,OECD Guideline 405)|※출처 : ECHA|자료없음|마우스(암/수)를 이용한 피부과민성시험결과 피부과민성이 발생하지 않음|※출처 : ECHA|자료없음|1A ((알코올 음주에 한함))|1 (Ethanol in alcoholic beverages)|자료없음|A3|자료없음|자료없음|자료없음|자료없음|생체 내 설치류를 이용한 우성치사시험 결과 양성(OECD Guideline 478)
생체 내 마우스를 이용한 스팟시험 결과 음성(OECD Guideline 484)
생체 내 포유류 적혈구를 이용한 소핵시험결과 음성(OECD Guideline 474)
생체 내 포유류 골수세포를 이용한 염색체 이상시험결과 음성(OECD Guideline 475)|※출처 : ECHA|랫드(수)를 이용한 발달독성/최기형성/모계독성 시험결과 별다른 영향이 없음(발달독성 NOAEL = 4000mg/kg, 최기형성 NOAEL = 5200mg/kg, 최기형성 LOAEL = 8200mg/kg)(OECD Guideline 415)
|※출처 : ECHA|토끼를 이용한 경구독성 시험결과 눈떨림, 전정기능이 억제되었다, 중추신경계에 영향을 줄수있음
실험 동물에서 중추 신경계 억제 증상이 보여지고있다|※출처 : HSDB, OECD SIDS, ICSC|시험 쥐의 4 개월 흡입 노출 실험에서 혈관, 간, 비장에 영향이 있다고 보고되었으며, 신장에 미치는 영향과 마취 작용이 인정되고있음 랫드 및 마우스를 이용한 90일아만성흡입독성시험결과OECD TG 413, GLP, 운동 실조증, 경악반사 결함, 활동저하를 포함한 중추신경계 독성보임. 체중증가, 혈액 및 혈청 임상화학 지수의 다양한 변화 관찰되며, 절대 간무게 증가함.|※출처 : ECHA|자료없음|자료없음",공정안전보고서(PSM) 제출 대상물질 |노출기준설정물질|해당없음|기존화학물질|4류 알코올류 (400L)|지정폐기물|해당없음|해당없음|해당없음|해당없음|해당없음|해당없음|해당없음|해당없음|해당없음|해당없음|Flam. Liq. 2|H225|해당없음,KOSHA_MSDS_API,getChemDetail,2026-06-23 23:22:15.828629+00:00,OK,False
001065,이소프로필 알코올,,67-63-0,23.0,23 ℃|   ※출처 : ECHA,82.3 ℃|   ※출처 : HSDB,45.4 ㎜Hg(25℃)|   ※출처 : HSDB,0.79 (물=1)|   ※출처 : ECHA,1219,3,Ⅱ,F-E,S-D,인화성 액체 : 구분2|심한 눈 손상성/눈 자극성 : 구분2|특정표적장기 독성(1회 노출) : 구분3(마취영향)|흡인 유해성 : 구분2,위험,H225 : 고인화성 액체 및 증기|H305 : 삼켜서 기도로 유입되면 유해할 수 있음|H319 : 눈에 심한 자극을 일으킴|H336 : 졸음 또는 현기증을 일으킬 수 있음,,,,"고인화성 액체 및 증기|격렬하게 중합반응하여 화재와 폭발을 일으킬 수 있음|인화점이나 그 이상에서 폭발성 혼합물을 형성할 수 있음|가열시 용기가 폭발할 수 있음|고인화성: 열, 스파크, 화염에 의해 쉽게 점화됨|누출물은 화재/폭발 위험이 있음|실내, 실외, 하수구에서 증기 폭발 위험이 있음|증기는 공기와 폭발성 혼합물을 형성할 수 있음|증기는 점화원까지 이동하여 역화(flash back)할 수 있음|화재시 자극성, 부식성, 독성 가스를 발생할 수 있음|흡입 및 피부 흡수 시 독성이 있을 수 있음|열·스파크·화염·고열로부터 멀리하시오 - 금연|자료없음|타는 동안 열분해 또는 연소에 의해 자극적이고 매우 유독한 가스가 발생될 수 있음",,"자료없음|LD50 5840 ㎎/㎏ 실험종 : Rat (OECD TG 401) |※출처 : ECHA|LD50 12800 ㎎/㎏ 실험종 : Rabbit (OECD TG402) |※출처 : ECHA|증기 LC50 12800 ppm 3 hr 실험종 : Rat (OECE TG 403, GLP) |※출처 : ECHA|토끼를 이용한 피부 자극성 시험 결과 약한 자극성 및 사람에서는 비자극성|토끼를 이용한 심한눈손상/자극성시험결과OECD TG 405, 14일 안에 완전히 회복되지 않는 자극성 관찰됨. 이 자극은 21일 안에는 완전히 회복됨. 심한 자극성 야기함 Maximum mean total score MMTS1day=8-25/110, Maximum mean total score MMTS14day=0-2/110 |※출처 : ECHA|자료없음|기니피그를 이용한 피부과민성시험결과OECD TG 406, GLP, 비과민성|※출처 : ECHA|자료없음|자료없음|3|자료없음|A4|자료없음|자료없음|자료없음|자료없음|시험관 내 포유류 배양세포를 이용한 유전자돌연변이시험결과OECD TG 476, GLP, 대사활성계 유무와 상관없이 음성, 시험관 내 미생물을 이용한 복귀돌연변이시험결과OECD TG 471, 대사활성계 유무와 상관없이 음성 / 생체 내 포유류 적혈구를 이용한 소핵시험결과OECD TG 474, GLP, 음성 |※출처 : ECHA|시험 쥐의 최기형성 시험에서 최기형성은 없었지만, 시험동물의 체중 증가 감소, 마취 작용 등의 독성이 있었으며, 임신율의 저하, 태아 사망의 증가 등의 생식 독성이 있었음 
랫드를 대상으로 1세대 생식독성시험결과(OECD TG 415, GLP), 착상 전 손실 증가, 새끼 평균 무게 감소 보임 (NOAEL(P)=853 mg/kg bw/day) 
랫드를 대상으로 태아발생독성시험결과(OECD TG 414, GLP), 모체 무게 감소발생. 기형발생은 없었음 (NOAEL(모체독성)=400 mg/kg bw/day (actual dose received), NOAEL(발달독성)=400 mg/kg bw/day (actual dose received)) |※출처 : ECHA|흰쥐에서 흡입 노출에 의해 활동성의 저하가 나타남. 사람에서 급성 중독시 소화관의 자극, 혈압, 체온 등의 저하, 중추신경 증상, 신장 장해가 나타남. 
랫드를 이용한 급성흡입독성시험결과OECD TG 403, GLP, 10,000ppm에서 탈진, 심한 운동장애, 흥분감소, 느려지거나 호흡곤란, 신경근 탄력감소, 저체온증, 반사작용 손실 관찰됨. 혼수와 관련된 일시적 농도transient concentration-related narcosis 및 중충신경계 진정영향 보임 
표적장기 : 중추신경|※출처 : ECHA|시험 쥐의 4 개월 흡입 노출 실험에서 혈관, 간, 비장에 영향이 있다고 보고되었으며, 신장에 미치는 영향과 마취 작용이 인정되고있음
랫드 및 마우스를 이용한 90일아만성흡입독성시험결과OECD TG 413, GLP, 운동 실조증, 경악반사 결함, 활동저하를 포함한 중추신경계 독성보임. 체중증가, 혈액 및 혈청 임상화학 지수의 다양한 변화 관찰되며, 절대 간무게 증가함. 
|※출처 : ECHA|시험 쥐의 가관내 투여시 24 시간 이내에 심폐 정지로 인한 사망이 인정되고 있으며, 동점성률은 약 1.6 1.6 mm2/s 전후로 흡인시 호흡기 유해성이 있을 수 있음|자료없음","작업환경측정대상물질 (측정주기 : 6개월)|관리대상유해물질 |특수건강진단대상물질 (진단주기 : 12개월)|공정안전보고서(PSM) 제출 대상물질 |노출기준설정물질|해당없음|기존화학물질|4류 알코올류 (400L)|지정폐기물|해당없음|해당없음|해당없음|해당없음|해당없음|해당없음|해당됨|해당없음|해당없음|해당없음|Flam. Liq. 2
STOT SE 3
Eye Irrit. 2|H225
H336
H319|해당없음",KOSHA_MSDS_API,getChemDetail,2026-06-23 23:22:15.828629+00:00,OK,False
001044,헥산,,110-54-3,-22.0,-22 ℃|   ※출처 : ICSC,68.73 ℃|   ※출처 : HSDB,153 ㎜Hg (25℃) |   ※출처 : hSDB,0.66  (25℃) |   ※출처 : HSDB,1208,3,Ⅱ,F-E,S-D,인화성 액체 : 구분2|피부 부식성/피부 자극성 : 구분2|생식독성 : 구분2|특정표적장기 독성(1회 노출) : 구분3(마취영향)|특정표적장기 독성(반복 노출) : 구분2|흡인 유해성 : 구분1|만성 수생환경 유해성 : 구분2,위험,"H225 : 고인화성 액체 및 증기|H304 : 삼켜서 기도로 유입되면 치명적일 수 있음|H315 : 피부에 자극을 일으킴|H336 : 졸음 또는 현기증을 일으킬 수 있음|H361 : 태아 또는 생식능력에 손상을 일으킬 것으로 의심됨(알려진 특정한 영향을 명시한다.)(생식독성을 일으키는 노출 경로를 기재한다. 단, 다른 노출경로에 의해 생식독성을 일으키지 않는다는 결정적인 증거가 있는 경우에 한한다.)|H373 : 장기간 또는 반복노출 되면 장기(영향을 받는 것으로 알려진 모든 장기를 명시한다.)에 손상을 일으킬 수 있음(특정표적장기독성(반복노출)을 일으키는 노출 경로를 기재. 단, 다른 노출경로에 의해 특정표적장기독성(반복노출)을 일으키지 않는다는 결정적인 증거가 있는 경우에 한한다.)|H411 : 장기적인 영향에 의해 수생생물에게 유독함",,,,"고인화성 액체 및 증기|격렬하게 중합반응하여 화재와 폭발을 일으킬 수 있음|인화점이나 그 이상에서 폭발성 혼합물을 형성할 수 있음|가열시 용기가 폭발할 수 있음|고인화성: 열, 스파크, 화염에 의해 쉽게 점화됨|누출물은 화재/폭발 위험이 있음|실내, 실외, 하수구에서 증기 폭발 위험이 있음|증기는 공기와 폭발성 혼합물을 형성할 수 있음|증기는 자각 없이 현기증 또는 질식을 유발할 수 있음|흡입 및 접촉 시 피부와 눈을 자극하거나 화상을 입힘|열·스파크·화염·고열로부터 멀리하시오 - 금연|자료없음|자극성, 부식성, 독성 가스",,"점막,눈,피부로 흡수되어 전신 영향을 일으킬 수 있는 물질(ACGIH,고용부고시 제2018-24호;skin)|LD50 24 ㎖/㎏ 실험종 : Rat (OECD TG 401(단위 환산시 15,864  mg/kg)) |※출처 : ECHA|LD50 &gt;3350 ㎎/㎏  실험종 : Rabbit|※출처 : ECHA|증기 LC50 259.354 ㎎/ℓ 4 hr 실험종 : Rat (OECD TG 403) |※출처 : ECHA|ECHA 조화분류|토끼를 대상으로 심한눈손상/자극성 시험 결과, 자극성을 일으키지 않음 |※출처 : ECHA|자료없음|마우스를 이용한 피부과민성 시험 결과, 과민성을 일으키지 않음 OECD TG 429 |※출처 : ECHA|자료없음|자료없음|자료없음|자료없음|자료없음|자료없음|자료없음|자료없음|자료없음|시험관 내 미생물을 이용한 박테리아복귀돌연변이 시험 결과, 대사활성계 유무에 관계 없이 음성 GLP, OECD Guideline 471 
생체 내 염색체 이상 시험 결과, 음성|※출처 : ECHA|랫드를 대상으로 급성흡입독성 시험 결과, 5000ppm에서 랫드의 정소세관위축이 관찰되었음, 회복 기간 내에 회복되지 못한 넓은 범위의 고환 병변이 관찰됨, 체중 증가량 및 먹이섭취량 감소가 관찰되었으며 이는 초기 신경장애를 수반함 (LC50(수)&gt;5000ppm) (OECD Guideline 403) 마우스를 대상으로 태아 독성/최기형성 시험 결과, 200 및 5000ppm 농도군에서 잉태한 개체 자궁 무게 감소가 관찰되었으며 5000ppm 농도군에서 착상 수가 감소하였고, 200ppm의 농도에서는 자궁 내 사망발생률이 크게 증가함 (NOAECmaternal toxicity=1000ppm)|※출처 : ECHA|사람에서 급성흡입 독성으로 현기증이나 중추신경계 억제 등이 나타남. 기도 자극이 나타남
표적장기 : 중추신경|※출처 : HSDB|랫드를 대상으로 반복투여경구독성 시험결과, 13.2 mmol/kg 와 46.2mmol/kg 농도군 중 2개체는 투여 즉시 사망함, 먹이 소비량이 감소함에 따라 체중증가율이 감소함, 고환 상피 위축이 관찰됨, 축색돌기 부종, 축색돌기 수초의 함입이 관찰되었고 마디결 수초가 위축되는 등 신경행독학적 독성이 나타남, 46.2 mmol/kg 농도군에서 투여후 뒷다리 마비 등의 신경독성이 관찰됨 NOAEL수=6.6 mmol/kg bw, NOAEL neurological effects수=13.2 mmol/kg bw
마우스를 대상으로 아만성 흡입독성:90일 시험 결과, 1000, 10000ppm 농도군의 수컷 개체의 체중이 감소하였고, 10000ppm 농도의 암컷 개체의 체중 역시 감소하였음, 수컷 개체의 단편 호중구가 상당히 증가하였음, 암컷개체의 간, 신장, 심장 무게가 증가함 가장 큰 증상으로는 코손상 NOAEL수=500  ppm OECD TG 413 
표적장기 : 신경계|※출처 : ECHA|흡인유해성: 탄화수소, 동점성률 20.5 mm2/s 이하 40 ℃, 흡인 시 소량이라도 폐에 심각한 손상(화학적펴렴)유발할 수 있음. EU CLP조화 분류 구분 1|※출처 : EU CLP조화분류, GESTIS|자료없음","작업환경측정대상물질 (측정주기 : 6개월)|관리대상유해물질 |특수건강진단대상물질 (진단주기 : 12개월)|공정안전보고서(PSM) 제출 대상물질 |노출기준설정물질|허용기준설정물질|해당없음|기존화학물질|4류 제1석유류(비수용성) (200L)|지정폐기물|해당없음|해당없음|해당없음|2267.995kg (5000lb)|해당없음|해당없음|해당됨|해당없음|해당없음|해당없음|Flam. Liq. 2
Repr. 2
Asp. Tox. 1
STOT SE 3
STOT RE 2 *
Skin Irrit. 2
Aquatic Chronic 2|H225
H361f ***
H304
H336
H373 **
H315
H411|해당없음",KOSHA_MSDS_API,getChemDetail,2026-06-23 23:22:15.828629+00:00,OK,False
001042,시클로헥산,,110-82-7,-20.0,-20 ℃|   ※출처 : ECHA,80.7 ℃|   ※출처 : ECHA,10.3 ㎪(20℃)|   ※출처 : ICSC,0.07739 |   ※출처 : ECHA,1145,3,Ⅱ,F-E,S-D,인화성 액체 : 구분2|피부 부식성/피부 자극성 : 구분2|특정표적장기 독성(1회 노출) : 구분3(마취영향)|흡인 유해성 : 구분1|급성 수생환경 유해성 : 구분1,위험,H225 : 고인화성 액체 및 증기|H304 : 삼켜서 기도로 유입되면 치명적일 수 있음|H315 : 피부에 자극을 일으킴|H336 : 졸음 또는 현기증을 일으킬 수 있음|H400 : 수생생물에 매우 유독함,,,,"고인화성 액체 및 증기|격렬하게 중합반응하여 화재와 폭발을 일으킬 수 있음|인화점이나 그 이상에서 폭발성 혼합물을 형성할 수 있음|가열시 용기가 폭발할 수 있음|고인화성: 열, 스파크, 화염에 의해 쉽게 점화됨|누출물은 화재/폭발 위험이 있음|실내, 실외, 하수구에서 증기 폭발 위험이 있음|증기는 공기와 폭발성 혼합물을 형성할 수 있음|증기는 자각 없이 현기증 또는 질식을 유발할 수 있음|화재시 자극성, 부식성, 독성 가스를 발생할 수 있음|흡입 및 접촉 시 피부와 눈을 자극하거나 화상을 입힘|자료없음|자료없음|타는 동안 열분해 또는 연소에 의해 자극적이고 매우 유독한 가스가 발생될 수 있음",,"자료없음|LD50 12705 ㎎/㎏ 실험종 : Rat (OECD TG 401, 암수, 사망없음) |※출처 : ECHA|LD50 &gt;2000 ㎎/㎏  실험종 : Rabbit (OECD TG 402, 암수, 사망없음) |※출처 : ECHA|증기 LC50 &gt;5540 ppm  4 hr 실험종 : Rat (OECD TG 403, GLP, 암수, 사망없음) |※출처 : ECHA|토끼를 대상으로 피부부식성/자극성시험결과, 비자극성, 홍반지수=1.93 ,EU Method B.4|※출처 : ECHA|눈 자극성 물질 아님(rabbit)|※출처 : 화학물질정보처리시스템|자료없음|기니피그 암수를 이용한 피부과민성시험결과, 비과민성, EU Method B.6, GLP|※출처 : ECHA|자료없음|자료없음|자료없음|자료없음|자료없음|자료없음|자료없음|자료없음|자료없음|시험관 내 포유류세포 유전자돌연변이시험, 미생물을 이용한 복귀돌연변이OECD TG 471, 포유류 배양세포를 이용한 유전자돌연변이시험결과OECD TG 476, 대사활성계 유무에 상관없이 음성,
생체 내 포유류 골수세포를 이용한 염색체이상시험결과OECD TG 475, GLP, 음성|※출처 : ECHA|흡입: 7,000 ppm(NOAEC, rabbit, 모체 및 발달독성), 7,000 ppm(NOAEC, rat, 발달독성)|※출처 : 화학물질정보처리시스템|랫드암/수를 이용한 급성흡입시험결과OECD TG 403, 떨림, 과잉행동, 빠른 호흡, 몸 가누지 못함 
면역조직학적 연구에서 면역반응성 감소, 고농도에서 토끼에게 경련 유발, 심각한 설사, 순환허탈circulatory collapse 및 사망 
표적장기 : 중추신경|※출처 : ECHA, HSDB|흡입: 500 ppm(NOAEC, mouse, 90일)|※출처 : 화학물질정보처리시스템|액체를 삼키면 오연에 의해 화학성 폐렴을 일으킬 위험이 있음. 동적점도 0.894 mPa sat 25℃|자료없음","작업환경측정대상물질 (측정주기 : 6개월)|관리대상유해물질 |특수건강진단대상물질 (진단주기 : 12개월)|공정안전보고서(PSM) 제출 대상물질 |노출기준설정물질|생태유해성물질|기존화학물질 |생태유해성물질|4류 제1석유류(비수용성) (200L)|지정폐기물|해당없음|해당없음|해당없음|453.599kg (1000lb)|해당없음|해당없음|해당됨|해당없음|해당없음|해당없음|Flam. Liq. 2
Asp. Tox. 1
STOT SE 3
Skin Irrit. 2
Aquatic Acute 1
Aquatic Chronic 1|H225
H304
H336
H315
H400
H410|해당없음",KOSHA_MSDS_API,getChemDetail,2026-06-23 23:22:15.828629+00:00,OK,False
001067,아세톤,,67-64-1,-18.0,-18 ℃(구분2)|   ※출처 : 국가위험물통합정보시스템,56.1 ℃(760 mmHg)|   ※출처 : HSDB,240 hPa(20℃)|   ※출처 : ECHA,0.79 |   ※출처 : ICSC,1090,3,Ⅱ,F-E,S-D,인화성 액체 : 구분2|심한 눈 손상성/눈 자극성 : 구분2|생식독성 : 구분2|특정표적장기 독성(1회 노출) : 구분3(마취영향)|특정표적장기 독성(반복 노출) : 구분1,위험,"H225 : 고인화성 액체 및 증기|H319 : 눈에 심한 자극을 일으킴|H336 : 졸음 또는 현기증을 일으킬 수 있음|H361 : 태아 또는 생식능력에 손상을 일으킬 것으로 의심됨(알려진 특정한 영향을 명시한다.)(생식독성을 일으키는 노출 경로를 기재한다. 단, 다른 노출경로에 의해 생식독성을 일으키지 않는다는 결정적인 증거가 있는 경우에 한한다.)|H372 : 장기간 또는 반복노출 되면 장기(영향을 받는 것으로 알려진 모든 장기를 명시한다.)에 손상을 일으킴(특정표적장기독성(반복노출)을 일으키는 노출 경로를 기재. 단, 다른 노출경로에 의해 특정표적장기독성(반복노출)을 일으키지 않는다는 결정적인 증거가 있는 경우에 한한다.)",,,,"고인화성 액체 및 증기|격렬하게 중합반응하여 화재와 폭발을 일으킬 수 있음|인화점이나 그 이상에서 폭발성 혼합물을 형성할 수 있음|가열시 용기가 폭발할 수 있음|고인화성: 열, 스파크, 화염에 의해 쉽게 점화됨|누출물은 화재/폭발 위험이 있음|실내, 실외, 하수구에서 증기 폭발 위험이 있음|증기는 공기와 폭발성 혼합물을 형성할 수 있음|증기는 점화원까지 이동하여 역화(flash back)할 수 있음|증기는 자각 없이 현기증 또는 질식을 유발할 수 있음|흡입 및 접촉 시 피부와 눈을 자극하거나 화상을 입힘|열,고온의 표면,스파크,화염 및 그 밖의 점화원으로부터 멀리하시오.금연|자료없음|타는 동안 열분해 또는 연소에 의해 자극적이고 매우 유독한 가스가 발생될 수 있음",,"자료없음|LD50 5800 ㎎/㎏ 실험종 : Rat|※출처 : ECHA|LD50 &gt;7400 ㎎/㎏  실험종 : Rabbit|※출처 : ECHA|증기 LC50 76 ㎎/ℓ 4 hr 실험종 : Rat|※출처 : ECHA|기니피그를 이용한 피부부식성/자극성 시험결과, 자극성 없음홍반지수=0, 부종지수=0 |※출처 : ECHA|토끼를 이용한 심한눈손상/자극성 시험결과, 약한 자극성이 있음. 드레이즈 지수Draize scores에 기초한 영향은 7일 이내에 완전히 회복됨Maximum mean total score MMTS=19.1, 각막지수=25, 홍채지수=3.8, 결막지수=9.2 OECD TG 405 |※출처 : ECHA|자료없음|기니피그를 대상으로 피부과민성 시험결과, 피부과민성 관찰되지 않음 

|※출처 : ECHA|자료없음|자료없음|자료없음|자료없음|A4|자료없음|자료없음|자료없음|자료없음|소핵시험 음성  SIDS 1999, EHC 207 1998 
시험관 내 미생물을 이용한 복귀돌연변이시험결과, 대사활성계 적용여부에 상관없이 음성OECD TG 471, 시험관 내 포유류 배양세포를 이용한 염색체이상시험결과, 대사활성계 유무에 상관없이 음성OECD TG 473, 시험관 내 배양세포를 이용한 유전자돌연변이시험결과, 대사활성계 있을 때 음성OECD TG 476 생체 내 햄스터암/수, 마우스암/수를 이용한 소핵시험결과 음성 
복귀돌연변이시험결과 음성, 중국햄스터난소세포를 이용한 염색체 변형분석결과 음성, 생체 내 중국 햄스터 소핵시험결과 음성. 
시험관 내 미생물을 이용한 복귀돌연변이시험결과 음성OECD TG 471, 생체 내 포유류 적혈구를 이용한 소핵시험 음성 OECD TG 474 

|※출처 : NITE, ECHA, HSDB, OECD SIDS|There is a report that there was no effect on miscarriage in an epidemiological survey (ATSDR (1994)). It is reported that in a teratogenicity test with rats through the inhalation route, by exposure at a high concentration (11,000 ppm (26.1 mg/L)), at which maternal toxicity (decreased body weight gain) was observed, decreased fetal body weight was observed, and no significant increase in the incidence of fetal malformations was observed, but there was an increase in the number of dams with fetuses having one or more malformations (11.5%) (control: 3.8%) (EHC 207 (1998)). In a teratogenicity test with mice through the inhalation route, decreased fetal body weight and increased late resorptions were reported by exposure at a high concentration (6,600 ppm (15.6 mg/L)) at which maternal toxicity (increased relative liver weight) was observed (EHC 207 (1998)). There is a description in EHC that further studies will be required in humans and animals. Therefore, it was classified in Category 2.|※출처 : NITE|* 화학물질정보처리시스템
NOAEL(91일, oral)=900mg/kg bw/day(수컷), 3,100mg/kg bw/day(암컷)(rat)
LOEC(8주, inhalation)=19,000ppm(rat)

*NITE
In humans, moderate respiratory irritation has been reported from exposure to acetone vapor through inhalation (PATTY, 2012; SIDS, 2002). Exposure to 100 ppm for 6 hours caused irritation to the throat and trachea (ACGIH, 2001), while 500-1000 ppm caused irritation to the nose, throat, and trachea (EHC 207, 1998). Higher exposures (100-12,000 ppm for 2 minutes-6 hours) caused irritation to the nose, throat, trachea, and lungs, along with CNS depression, such as dizziness, vomiting, drowsiness, unconsciousness, and even coma (ATSDR, 1994; ACGIH, 2001; SIDS, 2002). Most symptoms were transient and reversible, but a few deaths were reported (PATTY, 2012).|※출처 : 화학물질정보처리시스템, NITE|Workers exposed to 700 ppm of this substance for 3 hours/day over 7 to 15 years showed inflammation of the respiratory tract, stomach, and duodenum, along with giddiness and loss of strength (ACGIH, 2001; DFGOT, 1996). A re-evaluation by ATSDR (2011) reported that the primary target organs in humans were the respiratory tract, gastrointestinal tract, and nervous system. Although case reports linked nephritis and renal failure to exposure, with one case of glomerulopathy and tubulointerstitial nephritis (2002) and another of renal failure likely due to acute poisoning (2003), the small number of cases (1-2) made it difficult to confirm the kidney as a target organ for classification.|※출처 : NITE|자료없음|자료없음","작업환경측정대상물질 (측정주기 : 6개월)|관리대상유해물질 |특수건강진단대상물질 (진단주기 : 12개월)|공정안전보고서(PSM) 제출 대상물질 |노출기준설정물질|해당없음|기존화학물질|4류 제1석유류(수용성) (400L)|지정폐기물|해당없음|해당없음|해당없음|2267.995kg (5000lb)|해당없음|해당없음|해당없음|해당없음|해당없음|해당없음|Flam. Liq. 2
STOT SE 3
Eye Irrit. 2|H225
H336
H319|해당없음",KOSHA_MSDS_API,getChemDetail,2026-06-23 23:22:15.828629+00:00,OK,False
001080,메틸 에틸 케톤,,78-93-3,-9.0,"-9 ℃|   ※출처 : ICSC, ECHA",79.59 ℃|   ※출처 : HSDB,90.6 ㎜Hg(25℃)|   ※출처 : HSDB,0.8 (물=1)|   ※출처 : ICSC,1193,3,Ⅱ,F-E,S-D,인화성 액체 : 구분2|심한 눈 손상성/눈 자극성 : 구분2|특정표적장기 독성(1회 노출) : 구분3(호흡기 자극),위험,H225 : 고인화성 액체 및 증기|H319 : 눈에 심한 자극을 일으킴|H335 : 호흡기 자극을 일으킬 수 있음,,,,"고인화성 액체 및 증기|격렬하게 중합반응하여 화재와 폭발을 일으킬 수 있음|인화점이나 그 이상에서 폭발성 혼합물을 형성할 수 있음|가열시 용기가 폭발할 수 있음|고인화성: 열, 스파크, 화염에 의해 쉽게 점화됨|누출물은 화재/폭발 위험이 있음|실내, 실외, 하수구에서 증기 폭발 위험이 있음|증기는 공기와 폭발성 혼합물을 형성할 수 있음|증기는 점화원까지 이동하여 역화(flash back)할 수 있음|증기는 자각 없이 현기증 또는 질식을 유발할 수 있음|화재시 자극성, 부식성, 독성 가스를 발생할 수 있음|흡입 및 접촉 시 피부와 눈을 자극하거나 화상을 입힘|열·스파크·화염·고열로부터 멀리하시오 - 금연|자료없음|타는 동안 열분해 또는 연소에 의해 자극적이고 매우 유독한 가스가 발생될 수 있음",,"고농도 노출 시 눈, 코, 목(throat)을 자극할 수 있으며 두통, 어지러움, 메스꺼움, 사지 무감각(numbness of the extrimities)을 유발|※출처 : HSDB|LD50 2193 ㎎/㎏ 실험종 : Rat (유사물질: 78-92-2, OECD TG 423, GLP) |※출처 : ECHA|LD50 &gt;10 ㎖/㎏  실험종 : Rabbit (OECD TG 402) |※출처 : ECHA|증기 LC50 32 ㎎/ℓ 4 hr 실험종 : Rat|※출처 : RTECS|&lt;유사물질 CAS No. 78-92-2&gt; 토끼를 대상으로 피부부식성/자극성 시험 결과, 자극성을 나타내지 않음 OECD TG 404, GLP |※출처 : ECHA|토끼를 대상으로 심한눈손상/자극성 시험 결과, 자극성을 일으킴 전체자극지수:19.2/110 OECD TG 405 |※출처 : ECHA|자료없음|사람에게 피부과민성 일으키지 않음 |※출처 : ECHA|자료없음|자료없음|자료없음|자료없음|자료없음|자료없음|자료없음|자료없음|자료없음|시험관 내 미생물을 이용한 박테리아복귀돌연변이 시험 결과, 대사활성계 유무에 관계없이 음성 OECD TG 471
생체 내 포유류 적혈구 미소핵 시험 결과, 음성 OECD TG 474|※출처 : ECHA|&lt;유사물질 CAS No. 78-92-2&gt; 랫드를 대상으로 2세대 생식 독성 시험 결과, 10000mg/L 농도까지 태아독성, 사망, 최기형성, 장기무게변화 ,조직병리학적인 염증 등은 관찰되지 않음  (NOAEL F1,P=10 000  mg/L drinking water) (OECD TG 416) 랫드를 대상으로 태아 발달 독성 시험결과, 모체의 체중이 감소하였음 잉태 기간 중 노출된 개체에게 MEK 수치가 유의하게 높았음, 3000ppm의 농도군에서 배아독성/최기형성으로 두정골 사이 뼈의 골화가 지연됨이 감소하였고, 요추 갈비뼈가 정상적인 개수보다 증가하였음 (NOAECteratogenicity&amp;maternal toxicity=ca.1002ppm)(OECD Guideline 414) |※출처 : ECHA|특정 표적장기 독성 1회 노출: 흰쥐 또는 마우스에서 흡입 노출 시험 결과 비교적 저농도에서 중추신경계에 영향이 나타남
흰쥐에서 중정도의 농도에서 신장에 영향이 나타남
사람에서 흡입 노출시 기도 자극성이 나타남
|※출처 : NLM|랫드를 대상으로 아만성 흡입독성:90일 시험 결과, 높은 농도의 수컷개체에게 간무게 및 간무게/체중 비율, 간/뇌무게 비율이 유의하게 증가함, 또한 신장/체중 비율도 유의하게 높았음 높은 농도의 암컷 개체에게서 미립자 헤모글로빈 농도가 높아짐 (NOAEC=5,041ppm GLP, OECD TG 413)(출처: ECHA)

2년간 작업 중 100% 농도의 메틸에틸케톤을 취급한 27세 남성에게서 신경독성이 나타남(출처: HSDB)|※출처 : ECHA|자료없음|국립환경과학원고시(화학물질의 유해성심사결과) 분류 적용","작업환경측정대상물질 (측정주기 : 6개월)|관리대상유해물질 |특수건강진단대상물질 (진단주기 : 12개월)|공정안전보고서(PSM) 제출 대상물질 |노출기준설정물질|사고대비물질|기존화학물질|4류 제1석유류(비수용성) (200L)|지정폐기물|해당없음|해당없음|해당없음|2267.995kg (5000lb)|해당없음|해당없음|해당없음|해당없음|해당없음|해당없음|Flam. Liq. 2
STOT SE 3
Eye Irrit. 2|H225
H336
H319|해당없음",KOSHA_MSDS_API,getChemDetail,2026-06-23 23:22:15.828629+00:00,OK,False
015420,프로페인,,74-98-6,-105.0,-105 ℃,-42 ℃,840 ㎪ (at 25 ℃) |   ※출처 : ICSC,0.5853  (at -45 C (물=1)),1978,2.1,해당없음,F-D,S-U,인화성 가스 : 구분1|고압가스 : 액화가스,위험,H220 : 극인화성 가스|H280 : 고압가스:가열하면 폭발할 수 있음,,,,"극인화성 가스|고압가스 포함 ; 가열하면 폭발할 수 있음|격렬하게 중합반응하여 화재와 폭발을 일으킬 수 있음|가열시 용기가 폭발할 수 있음|공기와 폭발성 혼합물을 형성함|극인화성|열, 스파크, 화염에 의해 쉽게 점화함|증기는 점화원까지 이동하여 역화(flash back)할 수 있음|화재에 노출된 실린더는 가연성 가스를 방출할 수 있음|일부 물질은 고농도로 흡입시 자극적일 수 있음|증기는 자각 없이 현기증 또는 질식을 유발할 수 있음|화재시 자극성, 부식성, 독성 가스를 발생할 수 있음|열·스파크·화염·고열로부터 멀리하시오 - 금연|자료없음|타는 동안 열분해 또는 연소에 의해 자극적이고 매우 유독한 가스가 발생될 수 있음",,"구역, 구토, 불규칙 심장박동, 두통, 졸음, 현기증, 지남력 상실, 감정변화, 조정(기능)손실, 질식, 경련, 의식불명, 혼수, 호흡곤란, 중추 신경 계통 억제
동상|자료없음|자료없음|가스 LC50 800000 ppm 15 min 실험종 : Rat|※출처 : ECHA|자료없음|자료없음(EU Directive 67/548/EEC). Rabbit/not irritating 래빗/무자극(IUCLID)|※출처 : IUCLID|자료없음|자료없음|자료없음|자료없음|자료없음|자료없음|자료없음|자료없음|자료없음|자료없음|자료없음|자료없음|자료없음|자료없음|자료없음(EU Directive 67/548/EEC). Central nervous system:신경계 영향(TOMES)|※출처 : TOMES|자료없음|자료없음","공정안전보고서(PSM) 제출 대상물질|해당없음|기존화학물질|해당없음|지정폐기물|해당없음|해당없음|해당없음|해당없음|해당없음|해당없음|해당없음|해당없음|해당없음|해당없음|F+; R12|R12|S2, S9, S16",KOSHA_MSDS_API,getChemDetail,2026-06-23 23:22:15.828629+00:00,OK,False
000247,부탄,,106-97-8,-60.0,-60 ℃|   ※출처 : ICSC,-0.5 ℃|   ※출처 : ICSC,213.7 ㎪ (21.1℃) |   ※출처 : ICSC,0.6  (물=1) |   ※출처 : ICSC,1011,2.1,,F-D,S-U,인화성 가스 : 구분1|고압가스 : 액화가스|생식세포 변이원성 : 구분1B|발암성 : 구분1A,위험,"H220 : 극인화성 가스|H280 : 고압가스:가열하면 폭발할 수 있음|H340 : 유전적인 결함을 일으킬 수 있음(유전적인 결함을 일으키는 노출 경로를 기재한다. 단, 다른 노출경로에 의해 유전적인 결함을 일으키지 않는다는 결정적인 증거가 있는 경우에 한한다.)|H350 : 암을 일으킬 수 있음(암을 일으키는 노출 경로를 기재한다. 단, 다른 노출경로에 의해 암을 일으키지 않는다는 결정적인 증거가 있는 경우에 한한다.)",,,,"극인화성 가스|고압가스 포함 ; 가열하면 폭발할 수 있음|고온에서 분해되어 독성가스를 생성할 수 있음|격렬하게 중합반응하여 화재와 폭발을 일으킬 수 있음|가열시 용기가 폭발할 수 있음|공기와 폭발성 혼합물을 형성함|극인화성|열, 스파크, 화염에 의해 쉽게 점화함|증기는 점화원까지 이동하여 역화(flash back)할 수 있음|화재에 노출된 실린더는 가연성 가스를 방출할 수 있음|일부 물질은 고농도로 흡입시 자극적일 수 있음|증기는 자각 없이 현기증 또는 질식을 유발할 수 있음|열·스파크·화염·고열로부터 멀리하시오 - 금연|자료없음|자극성, 부식성, 독성 가스",,"자료없음|자료없음|자료없음|가스 LC50 &gt;800000 ppm  15 min 실험종 : Rat (사망있음, 유사물질 CAS No. 74-98-6) |※출처 : ECHA|자료없음|심한눈손상/자극성 시험 결과 자극성이 나타나지 않음|※출처 : HSDB|자료없음|자료없음|자료없음|1A (부타디엔 0.1% 이상 함유한 경우에 한정함)|자료없음|자료없음|자료없음|자료없음|1A (containing ≥ 0,1 % butadiene (203-450-8))|자료없음|자료없음|시험관 내 포유류(인간) 염색체이상시험 결과 대사 활성계 유무에 관계없이 음성(OECD Guideline 473, GLP), 
시험관 내 미생물을 이용한 복귀돌연변이시험 결과 대사 활성계 유무에 관계없이 음성(OECD Guideline 471), 
생체 내 초파리 SLRL 시험 결과 음성, 
생체 내 포유류(랫드) 적혈구를 이용한 소핵시험 결과 음성 (OECD Guideline 474, GLP)
*EU CLP : 1B (butadiene 0.1% 이상 함유한 경우에 한함)|※출처 : ECHA|랫드를 이용한 생식독성 시험 결과 생식 및 발달과 관련된 특별한 이상 나타나지 않음(OECD Guideline 422, GLP)|※출처 : ECHA|마우스를 이용한 급성흡입독성 시험 결과 중추 신경계 억제, 빠르고 얕은 호흡, 무호흡 징후 관찰(LC50(120min) = 1237mg/L air), 토끼를 이용한 급성독성 시험 결과 눈에 독성을 나타내지 않음|※출처 : HSDB|랫드를 이용한 반복흡입독성 시험(4주) 결과 체중 감소 외에 특별한 이상 나타나지 않음(NOAEC = 4000ppm)(OECD Guideline 422, GLP)|※출처 : ECHA|자료없음|자료없음","공정안전보고서(PSM) 제출 대상물질 |노출기준설정물질|해당없음|기존화학물질|해당없음|지정폐기물|해당없음|해당없음|해당없음|해당없음|해당없음|해당없음|해당없음|해당없음|해당없음|해당없음|Flam. Gas 1
Press. Gas
Carc. 1A
Muta. 1B|해당없음|해당없음",KOSHA_MSDS_API,getChemDetail,2026-06-23 23:22:15.828629+00:00,OK,False
001162,"1,2-에폭시프로판",,75-56-9,-37.0,-37 ℃|   ※출처 : IPCS,34 ℃|   ※출처 : IPCS,"538 ㎜Hg(25℃)|   ※출처 : HSDB,CHemIDplus",0.83 (물=1)|   ※출처 : IPCS,1280,3,Ⅰ,F-E,S-D,인화성 액체 : 구분1|급성 독성(경구) : 구분4|급성 독성(경피) : 구분3|급성 독성(흡입: 증기) : 구분3|심한 눈 손상성/눈 자극성 : 구분2|생식세포 변이원성 : 구분1B|발암성 : 구분1B|특정표적장기 독성(1회 노출) : 구분3(호흡기 자극),위험,"H224 : 극인화성 액체 및 증기|H302 : 삼키면 유해함|H311 : 피부와 접촉하면 유독함|H319 : 눈에 심한 자극을 일으킴|H331 : 흡입하면 유독함|H335 : 호흡기 자극을 일으킬 수 있음|H340 : 유전적인 결함을 일으킬 수 있음(유전적인 결함을 일으키는 노출 경로를 기재한다. 단, 다른 노출경로에 의해 유전적인 결함을 일으키지 않는다는 결정적인 증거가 있는 경우에 한한다.)|H350 : 암을 일으킬 수 있음(암을 일으키는 노출 경로를 기재한다. 단, 다른 노출경로에 의해 암을 일으키지 않는다는 결정적인 증거가 있는 경우에 한한다.)",,,,"극인화성 액체 및 증기|격렬하게 중합반응하여 화재와 폭발을 일으킬 수 있음|인화점이나 그 이상에서 폭발성 혼합물을 형성할 수 있음|가열시 용기가 폭발할 수 있음|고인화성: 열, 스파크, 화염에 의해 쉽게 점화됨|누출물은 화재/폭발 위험이 있음|실내, 실외, 하수구에서 증기 폭발 위험이 있음|증기는 공기와 폭발성 혼합물을 형성할 수 있음|증기는 점화원까지 이동하여 역화(flash back)할 수 있음|증기는 자각 없이 현기증 또는 질식을 유발할 수 있음|흡입 및 접촉 시 피부와 눈을 자극하거나 화상을 입힘|열,고온의 표면,스파크,화염 및 그 밖의 점화원으로부터 멀리하시오.금연|자료없음|타는 동안 열분해 또는 연소에 의해 자극적이고 매우 유독한 가스가 발생될 수 있음",,"자료없음|LD50 382 ~ 587 ㎎/㎏  실험종 : Rat (OECD TG 401) |※출처 : ECHA|자료없음|자료없음|자료없음|인체 눈, 점막에 강한 자극, 중추신경계 저하, 호흡기 자극|※출처 : HSDB|자료없음|기니피그를 대상으로 피부 과민성 시험 결과, 과민성 없음 (method of Maguire (1973))|※출처 : ECHA|자료없음|1B|2B|자료없음|A3|R|1B|자료없음|자료없음|양성 : 시험관내(in vitro) 시험 (체세포 변이원성 시험) 양성 : 생체내(in vivo) 시험 (체세포 변이원성 시험)|※출처 : 화학물질정보처리시스템|자료없음|※출처 : 자료없음|사람에서 폐, 눈의 자극, 두통, 탈진, 설사, 티아노제, 실험동물에서 호흡 곤란과 코의 출혈 등이 나타남 
섭취한 경우 그 물질은 구토를 일으킬 수 있고, 흡인성 폐렴이 발생할 수 있음 |※출처 : IPCS|데이터가 부족하여 분류가 불가능했습니다. 관련 정보로서, 쥐를 대상으로 한 24주 흡입 연구에서 최대 0.71 mg/L 농도(지침 값의 범주 2 범위 내)에서는 부작용이 관찰되지 않았습니다(EU-RAR 23(2002)). 또한, 쥐에게 식수를 통한 26주 투여시험에서 0.52mg/kg(기준치 카테고리 2 범위 내)에서 혈액학적 및 혈액생화학적 검사에서 이상이 발견된 것으로 기재되어 있다(EHC 56(1985)) ). 그러나 변화의 정도와 병리학적 소견에 대한 설명은 제공되지 않았다.|※출처 : NITE|자료없음|자료없음","작업환경측정대상물질 (측정주기 : 6개월)|관리대상유해물질 |특별관리물질 |공정안전보고서(PSM) 제출 대상물질 |노출기준설정물질|사고대비물질 |인체급성유해성물질 |인체만성유해성물질|기존화학물질 |인체급성유해성물질 |인체만성유해성물질|4류 특수인화물 (50L)|지정폐기물|해당없음|해당없음|해당없음|45.3599kg (100lb)|4535.99kg (10000lb)|45.3599kg (100lb)|해당됨|해당없음|해당없음|해당없음|Flam. Liq. 1
Carc. 1B
Muta. 1B
Acute Tox. 4 *
Acute Tox. 4 *
Acute Tox. 4 *
STOT SE 3
Skin Irrit. 2
Eye Irrit. 2|H224
H350
H340
H332
H312
H302
H335
H315
H319|해당없음",KOSHA_MSDS_API,getChemDetail,2026-06-23 23:22:15.828629+00:00,OK,False
001049,황산,,7664-93-9,,(불연성) |   ※출처 : ICSC,337 ℃|   ※출처 : HSDB,"6 hPa(20℃, 90% aqueous sulfuric acid solution)|   ※출처 : ECHA","1.8 (물=1, 20℃)|   ※출처 : HSDB",1830,8,Ⅱ,F-A,S-B,금속부식성 물질 : 구분1|급성 독성(흡입: 분진/미스트) : 구분2|피부 부식성/피부 자극성 : 구분1|발암성 : 구분1A,위험,"H290 : 금속을 부식시킬 수 있음|H314 : 피부에 심한 화상과 눈에 손상을 일으킴|H330 : 흡입하면 치명적임|H350 : 암을 일으킬 수 있음(암을 일으키는 노출 경로를 기재한다. 단, 다른 노출경로에 의해 암을 일으키지 않는다는 결정적인 증거가 있는 경우에 한한다.)",,,,"금속을 부식시킬 수 있음|고온에서 분해되어 독성가스를 생성할 수 있음|가연성 물질(나무, 종이, 기름, 의류 등)을 점화할 수 있음|가열되거나 물로 오염되면 용기가 폭발할 수 있음|금속을 부식시켜 가연성 수소가스를 발생할 수 있음|물과 (격렬히)반응하여 부식성/독성가스를 방출하니 주의하시오|밀폐공간에 인화성/독성 가스가 축적될 수 있음|열, 스파크, 화염에 의해 점화할 수 있음|부식성/독성: 증기, 분진, 물질의 흡입, 섭취, 접촉은 심각한 상해, 화상, 죽음을 초래할 수 있음|용융물질과 접촉 시 피부와 눈에 심각한 화상을 입힐 수 있음|열, 스파크, 화염 등 점화원|가연성 물질(나무, 종이, 기름, 의류 등)|금속|물|타는 동안 열분해 또는 연소에 의해 자극적이고 매우 유독한 가스가 발생될 수 있음",,"자료없음|LD50 2140 ㎎/㎏ 실험종 : Rat|  (투여경로 : 위관) |※출처 : ECHA|자료없음|미스트 LC50 0.375 ㎎/ℓ 실험종 : Rat|※출처 : ECHA|부식성 액체, 1N용액의 pH =  0.3|※출처 : HSDB|15% 이상 농도에서 부식성 있다고 보고됨(Annex I of Directive 67/548/EEC)/ 국립환경과학원고시(화학물질의 유해성심사결과) 분류 적용|※출처 : ECHA, 화학물질의 유해성심사결과|자료없음|자료없음|특별관리물질|1A(강산 Mist에 한정함)|1|해당됨|A2|자료없음|자료없음|자료없음|자료없음|in vitro - 유전 독성: 양성|※출처 : ECHA|이 연구의 조건에서 가벼운 모체 독성을 유발하기에 충분한 노출 수준에서 최기형성, 배아 독성, 태아 독성 또는 발달 독성의 증거는 보이지 않았음., Rabbit, equivalent or similar to Guideline: OECD TG 414|※출처 : ECHA|다수의 급성 독성 시험(쥐, 마우스, 토끼, 기니피그)에서 기도의 국소 자극성(폐출혈, 부종, 폐포벽 확장, 기관 및 후두 궤양 등), 표적장기 : 호흡기/ 국립환경과학원고시(화학물질의 유해성심사결과) 분류 적용|※출처 : NITE, 화학물질의 유해성심사결과|급성 흡입 노출은 폐 기능 변화를 초래함
흡입(단기반복): 황산 미스트에 대한 흡입 노출 후, 처리와 관련된 발견은 물질의 국소 자극 효과로 구성된 후두의 조직 병리학 및 세포 증식으로 제한됨, Rat, OECD TG 412, GLP|※출처 : HSDB, ECHA|자료없음|자료없음",작업환경측정대상물질 (측정주기 : 6개월)|관리대상유해물질 |특수건강진단대상물질 (진단주기 : 12개월)|특별관리물질 (pH 2.0 이하인 강산은 특별관리물질)|공정안전보고서(PSM) 제출 대상물질 (중량 20% 이상)|노출기준설정물질|허용기준설정물질|사고대비물질 |인체급성유해성물질|기존화학물질 |인체급성유해성물질 |중점관리물질|해당없음|지정폐기물|해당없음|해당없음|해당없음|454 kg (1000 lb)|454 kg (1000 lb)|454 kg (1000 lb)|해당됨|해당없음|해당없음|해당없음|Skin Corr. 1A|H314|S:(1/2)-26-30-45,KOSHA_MSDS_API,getChemDetail,2026-06-23 23:22:15.828629+00:00,OK,False
001174,암모니아,,7664-41-7,132.0,132 ℃(가스)|   ※출처 : ECHA,-33.35 ℃(@760 mmHg)|   ※출처 : HSDB,1013 ㎪(26℃)|   ※출처 : ICSC,0.7 (-33℃)|   ※출처 : ICSC,1005,2.3,,F-C,S-U,인화성 가스 : 구분1|고압가스 : 액화가스|급성 독성(흡입: 가스) : 구분3|피부 부식성/피부 자극성 : 구분1|급성 수생환경 유해성 : 구분1,위험,H220 : 극인화성 가스|H280 : 고압가스:가열하면 폭발할 수 있음|H314 : 피부에 심한 화상과 눈에 손상을 일으킴|H331 : 흡입하면 유독함|H400 : 수생생물에 매우 유독함,,,,"극인화성 가스|고압가스:가열하면 폭발할 수 있음|격렬하게 중합반응하여 화재와 폭발을 일으킬 수 있음|가열시 용기가 폭발할 수 있음|일부는 물과 격렬히 반응함|일부는 탈 수 있으나 쉽게 점화하지 않음|화재에 노출된 실린더는 가연성 가스를 방출할 수 있음|일부 물질은 흡입, 섭취, 피부흡수 시 유독하거나 치명적일 수 있음|증기는 매우 자극적이고 부식성이 있음|화재시 자극성, 부식성, 독성 가스를 발생할 수 있음|열,고온의 표면,스파크,화염 및 그 밖의 점화원으로부터 멀리하시오.금연|물|타는 동안 열분해 또는 연소에 의해 자극적이고 매우 유독한 가스가 발생될 수 있음",,"자료없음|자료없음|자료없음|증기 LC50 9850 ㎎/㎥ 1 hr 실험종 : Rat|※출처 : ECHA|12% 암모니아 용액은 피부에 부식성 |※출처 : ECHA|자료없음|자료없음|기니피그 시험 결과 피부 과민성 음성
|※출처 : NLM|자료없음|자료없음|자료없음|자료없음|자료없음|자료없음|자료없음|자료없음|자료없음|시험관내 박테리아를 이용한 복귀돌연변이시험OECD TG 471 결과 음성, 생체내 마우스 골수세포를 이용한 소핵시험OECD 474, GLP결과 음성으로 나타남
|※출처 : ECHA|유사물질 Diammonmium hydrogenorthorphosphate(CAS NO. 7783-28-0)로 랫드를 이용한 반복생식발달병합독성시험(OECD TG422, GLP) 결과 생식 및 발달과 관련된 영향은 최고농도까지 관찰되지 않음. NOAEL=1500 mg/kg bw/day|※출처 : ECHA|자료없음|&quot;흡입을 통한 만성적 노출 시 만성 폐쇄성 폐 질환 (COPD)을 초래할수 있음또한, 만성기침. 천식, 폐섬유증도 유발할 수 있음&quot;※표적장기 : 폐|※출처 : ICSC, NIOSH|자료없음|자료없음","작업환경측정대상물질 (측정주기 : 6개월)|관리대상유해물질 |공정안전보고서(PSM) 제출 대상물질 |노출기준설정물질|허용기준설정물질|사고대비물질 |인체급성유해성물질 |생태유해성물질|기존화학물질 |인체급성유해성물질 |생태유해성물질|해당없음|지정폐기물|해당없음|해당없음|4535.99kg (10000lb)|45.3599kg (100lb)|226.7995kg (500lb)|45.3599kg (100lb)|해당됨|해당없음|해당없음|해당없음|Flam. Gas 2
Press. Gas
Acute Tox. 3 *
Skin Corr. 1B
Aquatic Acute 1|H221

H331
H314
H400|해당없음",KOSHA_MSDS_API,getChemDetail,2026-06-23 23:22:15.828629+00:00,OK,False
